frame,id,green_x,green_y,red_x,red_y,dx,dy,dist,baseline_deg,baseline_m
3710,1,323.056,173.622,323.494,173.365,0.438,-0.257,0.508,2.0241,0.02457
3711,1,323.197,173.422,323.481,173.154,0.284,-0.268,0.391,2.0129,0.02457
3712,1,323.421,173.504,323.889,173.202,0.468,-0.301,0.556,1.9748,0.02456
3713,1,323.491,173.637,324.069,173.610,0.578,-0.027,0.579,1.9712,0.02452
3714,1,323.299,173.630,323.637,173.443,0.338,-0.188,0.387,2.0129,0.02445
3715,1,323.434,173.559,323.737,173.288,0.304,-0.271,0.407,2.0039,0.02441
3716,1,323.681,173.553,324.267,173.378,0.586,-0.175,0.612,1.9656,0.02451
3717,1,323.885,173.613,324.273,173.479,0.388,-0.134,0.410,1.9815,0.02465
3718,1,323.833,173.531,324.369,173.210,0.536,-0.321,0.625,1.9552,0.02471
3719,1,323.623,173.174,323.767,173.159,0.144,-0.015,0.144,0.0560,0.00013
3720,1,323.633,173.094,323.926,173.333,0.293,0.239,0.378,0.0396,0.00021
3721,1,323.546,172.904,323.733,173.076,0.187,0.172,0.254,0.0560,0.00019
3722,1,324.359,173.343,324.169,173.285,-0.190,-0.058,0.199,0.0000,0.00013
3723,1,324.690,173.513,324.878,173.521,0.189,0.008,0.189,0.1047,0.00012
3724,1,324.666,173.380,324.781,173.387,0.115,0.007,0.116,0.0791,0.00028
3725,1,324.779,173.340,324.941,173.405,0.162,0.065,0.174,0.0791,0.00033
3726,1,325.362,172.833,325.309,172.974,-0.053,0.141,0.151,0.1427,0.00025
3727,1,325.503,172.730,325.531,173.052,0.028,0.322,0.323,0.1725,0.00016
3728,1,325.511,172.501,325.566,172.538,0.055,0.037,0.066,0.2307,0.00021
3729,1,326.051,171.707,326.249,171.805,0.198,0.098,0.221,0.3836,0.00096
3730,1,326.293,170.621,326.111,170.755,-0.181,0.134,0.226,0.5651,0.00225
3731,1,326.966,169.480,326.625,169.436,-0.341,-0.044,0.344,1.0922,0.00585
3732,1,328.050,168.732,327.475,168.844,-0.575,0.112,0.586,1.5627,0.00877
3733,1,331.664,167.574,331.562,168.023,-0.101,0.449,0.460,2.9911,0.01650
3734,1,332.831,165.743,332.479,165.922,-0.351,0.179,0.394,3.7484,0.02141
3735,1,337.459,164.710,336.821,165.282,-0.639,0.572,0.858,5.7936,0.03395
3736,1,338.911,162.814,338.410,163.136,-0.501,0.321,0.595,7.4525,0.04536
3737,1,340.078,162.409,339.134,162.068,-0.945,-0.341,1.004,9.1866,0.05813
3738,1,340.571,165.042,339.857,164.688,-0.714,-0.354,0.797,11.0486,0.07177
3739,1,340.009,168.628,338.613,169.723,-1.397,1.095,1.775,12.7919,0.08621
3740,1,341.590,170.532,341.053,168.297,-0.536,-2.235,2.298,15.0239,0.10138
3741,1,342.198,171.628,340.491,173.616,-1.707,1.988,2.620,16.9733,0.11704
3742,1,345.947,167.546,344.109,166.576,-1.839,-0.969,2.078,19.7104,0.13351
3743,1,353.310,171.531,351.078,172.347,-2.232,0.816,2.377,22.8402,0.15067
3744,1,365.414,161.124,362.434,163.715,-2.980,2.592,3.950,26.4505,0.16765
3745,1,379.719,151.644,379.271,148.523,-0.447,-3.120,3.152,30.6757,0.18482
3746,1,390.340,153.069,386.351,156.453,-3.989,3.384,5.231,33.8577,0.20272
3747,1,402.647,144.422,401.350,142.260,-1.297,-2.162,2.522,37.4185,0.21512
3748,1,411.693,152.092,410.508,152.924,-1.185,0.832,1.448,41.6170,0.24039
3749,1,410.262,152.428,407.565,155.703,-2.697,3.275,4.243,42.9676,0.25351
3750,1,400.210,137.371,397.934,135.490,-2.276,-1.881,2.953,45.3322,0.28043
3751,1,390.277,137.895,386.733,137.490,-3.544,-0.406,3.567,45.7475,0.29456
3752,1,370.665,143.668,366.876,145.144,-3.789,1.476,4.066,47.0397,0.32363
3753,1,359.980,147.299,356.704,147.170,-3.277,-0.129,3.279,48.6506,0.34595
3754,1,353.522,151.973,350.323,153.250,-3.198,1.277,3.444,49.7952,0.36105
3755,1,338.389,155.636,335.352,156.201,-3.036,0.566,3.089,51.9012,0.39156
3756,1,330.566,159.300,327.447,159.441,-3.119,0.141,3.123,52.8366,0.40646
3757,1,318.586,163.554,315.531,164.771,-3.055,1.217,3.288,55.0094,0.43542
3758,1,314.313,163.593,311.297,164.096,-3.016,0.503,3.058,56.2184,0.44952
3759,1,307.139,167.400,304.375,168.669,-2.764,1.269,3.042,58.6694,0.47663
3760,1,302.662,167.150,299.778,167.421,-2.884,0.271,2.897,60.5528,0.49663
3761,1,300.912,172.561,298.426,173.279,-2.486,0.719,2.588,62.6885,0.51546
3762,1,300.459,176.596,297.446,178.489,-3.013,1.892,3.558,64.8616,0.53345
3763,1,300.469,177.773,297.983,177.992,-2.486,0.219,2.496,67.1895,0.55051
3764,1,298.371,182.587,294.931,183.509,-3.439,0.922,3.561,69.0791,0.56655
3765,1,300.703,187.227,297.966,188.205,-2.738,0.979,2.907,71.6607,0.58127
3766,1,304.072,192.494,301.894,193.077,-2.178,0.583,2.255,74.1805,0.59417
3767,1,303.764,195.522,301.369,196.050,-2.395,0.528,2.453,76.1487,0.60629
3768,1,300.954,197.608,298.603,198.296,-2.351,0.688,2.450,77.8078,0.61774
3769,1,293.929,197.745,291.609,199.152,-2.320,1.407,2.714,78.8740,0.62842
3770,1,284.809,193.893,282.807,194.020,-2.002,0.127,2.006,79.5591,0.63825
3771,1,274.973,194.449,272.329,194.566,-2.644,0.117,2.646,80.0041,0.64755
3772,1,267.483,200.527,264.562,199.949,-2.920,-0.578,2.977,80.7905,0.65651
3773,1,261.853,210.247,259.464,211.343,-2.389,1.096,2.628,81.8622,0.66495
3774,1,255.784,219.333,253.490,219.795,-2.294,0.461,2.340,82.8525,0.67282
3775,1,250.308,224.456,248.495,224.520,-1.813,0.064,1.814,83.3262,0.67748
3776,1,238.480,231.989,236.178,231.926,-2.302,-0.063,2.303,83.8391,0.68572
3777,1,232.733,238.284,230.849,238.164,-1.884,-0.120,1.887,84.5964,0.69139
3778,1,224.937,244.864,223.408,245.191,-1.529,0.327,1.564,85.1380,0.69709
3779,1,214.914,246.226,213.094,246.686,-1.820,0.460,1.878,85.1345,0.70229
3780,1,209.621,245.682,207.685,245.700,-1.935,0.018,1.936,85.4386,0.70657
3781,1,205.085,244.025,203.639,243.791,-1.446,-0.234,1.465,85.7785,0.71052
3782,1,198.799,240.656,196.890,240.787,-1.909,0.131,1.914,85.7098,0.71413
3783,1,194.171,236.833,192.809,237.012,-1.362,0.179,1.373,85.8545,0.71762
3784,1,189.912,232.239,188.708,232.312,-1.204,0.073,1.206,85.8381,0.72013
3785,1,187.688,226.283,186.086,226.125,-1.602,-0.158,1.610,85.9310,0.72226
3786,1,186.800,222.635,185.558,222.211,-1.241,-0.424,1.312,86.1037,0.72344
3803,1,183.988,217.587,182.960,217.504,-1.028,-0.083,1.031,85.8447,0.72314
3804,1,182.941,218.371,181.953,218.594,-0.988,0.223,1.013,84.5724,0.71704
3805,1,183.994,219.451,182.653,219.713,-1.341,0.262,1.366,83.7609,0.71222
3806,1,186.099,224.598,185.737,225.011,-0.362,0.413,0.549,81.7030,0.69903
3807,1,185.370,223.390,183.830,223.642,-1.541,0.252,1.561,79.0355,0.68546
3808,1,188.608,218.429,187.310,217.993,-1.297,-0.435,1.368,76.5371,0.66901
3809,1,192.627,215.518,191.304,215.400,-1.323,-0.118,1.328,73.8205,0.65051
3810,1,192.762,213.364,191.468,212.745,-1.294,-0.618,1.434,70.5879,0.63096
3811,1,186.461,211.810,184.501,213.497,-1.960,1.687,2.586,66.4225,0.61088
3812,1,180.579,201.445,178.603,200.297,-1.976,-1.148,2.286,62.4130,0.59062
3813,1,172.115,206.494,170.087,207.150,-2.028,0.657,2.132,58.1307,0.57000
3814,1,169.633,208.355,166.773,209.112,-2.859,0.758,2.958,54.5297,0.54894
3815,1,177.687,212.772,175.572,212.993,-2.115,0.220,2.127,52.0617,0.52686
3816,1,184.178,217.515,182.425,218.491,-1.754,0.976,2.007,50.4418,0.51156
3817,1,192.551,218.967,191.095,218.357,-1.456,-0.610,1.579,46.7955,0.48155
3818,1,191.446,222.741,188.827,225.406,-2.619,2.665,3.737,43.1143,0.45891
3819,1,189.678,220.281,187.570,219.357,-2.109,-0.924,2.302,39.6850,0.43693
3820,1,184.159,229.355,182.075,230.540,-2.084,1.185,2.398,35.9084,0.41533
3821,1,181.221,226.704,177.960,227.642,-3.262,0.938,3.394,32.5147,0.39406
3822,1,182.372,228.623,180.317,228.436,-2.055,-0.187,2.064,30.1784,0.37351
3823,1,185.706,233.004,183.048,234.958,-2.658,1.954,3.299,28.0280,0.35245
3824,1,192.677,234.212,190.461,234.464,-2.216,0.252,2.230,26.4545,0.33287
3825,1,198.643,233.238,196.003,235.307,-2.640,2.069,3.354,25.4652,0.31952
3826,1,211.339,229.330,209.311,230.756,-2.028,1.426,2.480,23.4905,0.29368
3827,1,215.736,228.911,214.067,228.947,-1.670,0.036,1.670,22.3586,0.28085
3828,1,226.468,225.332,224.616,225.388,-1.852,0.056,1.853,20.1247,0.25444
3829,1,230.787,227.429,229.361,228.138,-1.425,0.709,1.592,19.0779,0.24158
3830,1,237.626,228.793,236.434,229.769,-1.192,0.977,1.541,16.6255,0.21530
3831,1,239.441,228.902,237.893,230.332,-1.549,1.430,2.108,15.1779,0.20245
3832,1,241.484,225.755,239.981,226.783,-1.503,1.028,1.821,12.1347,0.17706
3833,1,242.829,224.174,241.327,224.503,-1.503,0.328,1.538,9.9387,0.15814
3834,1,245.410,225.332,243.951,225.883,-1.460,0.551,1.560,8.0702,0.13974
3835,1,250.128,227.723,248.979,228.239,-1.149,0.516,1.259,6.6061,0.12247
3836,1,254.441,228.802,253.452,229.804,-0.989,1.002,1.408,5.2982,0.10491
3837,1,259.740,229.718,258.541,230.568,-1.199,0.850,1.469,4.2045,0.08814
3838,1,268.144,229.657,268.305,229.319,0.161,-0.338,0.374,1.1610,0.01686
3839,1,280.269,229.734,280.271,230.015,0.002,0.281,0.281,1.8930,0.03273
3840,1,296.173,229.691,296.407,229.378,0.234,-0.314,0.391,2.3390,0.04721
3841,1,313.805,228.639,314.398,227.714,0.594,-0.925,1.099,2.7705,0.06066
3842,1,329.191,227.866,329.662,228.218,0.471,0.352,0.588,3.2871,0.07260
3843,1,345.439,224.991,345.997,224.877,0.559,-0.114,0.570,3.7736,0.08683
3844,1,352.751,222.693,352.920,223.050,0.169,0.357,0.395,4.0357,0.09316
3845,1,368.556,219.261,368.800,218.695,0.245,-0.566,0.616,4.6760,0.10399
3846,1,382.702,216.870,383.583,216.743,0.881,-0.127,0.890,5.5584,0.11189
3847,1,390.574,215.375,391.198,214.816,0.624,-0.558,0.837,6.1559,0.11641
3848,1,397.226,213.341,397.979,212.888,0.753,-0.454,0.879,6.4696,0.11971
3849,1,403.574,209.822,404.187,209.425,0.613,-0.397,0.730,6.6803,0.12288
3850,1,407.543,208.653,408.426,208.613,0.883,-0.040,0.884,6.9567,0.12447
3851,1,409.746,207.540,410.624,206.835,0.878,-0.705,1.126,7.1474,0.12545
3852,1,408.983,206.515,410.132,206.167,1.150,-0.348,1.201,7.1538,0.12597
3853,1,404.381,205.455,405.261,205.012,0.880,-0.443,0.985,7.1310,0.12572
3854,1,399.869,204.742,400.831,204.354,0.962,-0.387,1.037,7.2334,0.12477
3855,1,388.575,203.515,389.217,202.755,0.642,-0.761,0.995,7.2159,0.12171
3856,1,382.438,202.697,382.939,202.352,0.501,-0.344,0.608,6.7481,0.11941
3857,1,377.012,203.177,377.981,203.030,0.969,-0.147,0.980,6.5286,0.11673
3858,1,372.497,202.561,373.473,202.253,0.977,-0.309,1.024,6.6638,0.11416
3859,1,368.056,201.230,369.107,200.999,1.051,-0.230,1.076,6.7246,0.11210
3860,1,365.605,200.248,366.327,199.846,0.722,-0.402,0.827,6.5562,0.11040
3861,1,365.038,199.607,366.057,199.131,1.019,-0.476,1.125,6.5374,0.10930
3862,1,362.548,198.689,363.664,198.277,1.115,-0.412,1.189,6.6360,0.10711
3863,1,360.293,197.912,361.119,197.883,0.826,-0.029,0.826,6.6015,0.10624
3864,1,357.697,196.543,358.565,196.312,0.868,-0.231,0.898,6.4648,0.10529
3865,1,358.723,196.371,359.971,196.370,1.248,-0.001,1.248,6.2936,0.10436
3866,1,359.513,195.801,360.465,195.720,0.951,-0.081,0.955,6.3364,0.10420
3867,1,359.451,195.540,360.266,195.019,0.816,-0.521,0.968,6.4960,0.10435
3868,1,359.591,195.559,360.660,195.345,1.069,-0.214,1.090,6.5191,0.10440
3869,1,359.734,195.426,360.884,195.104,1.150,-0.322,1.194,6.5058,0.10444
3870,1,359.244,194.691,360.111,194.583,0.867,-0.109,0.874,6.4308,0.10447
3871,1,358.637,194.569,359.727,194.314,1.091,-0.255,1.120,6.3868,0.10449
3872,1,359.385,194.279,360.217,194.074,0.832,-0.205,0.857,6.5458,0.10477
3873,1,360.291,193.734,361.141,193.773,0.850,0.038,0.851,6.5970,0.10492
3874,1,360.807,193.324,361.839,193.115,1.032,-0.209,1.053,6.5505,0.10516
3875,1,360.873,192.689,361.928,192.650,1.055,-0.040,1.056,6.4948,0.10541
3876,1,360.844,192.320,361.725,192.002,0.881,-0.319,0.937,6.3961,0.10540
3877,1,361.381,192.431,362.065,192.100,0.684,-0.331,0.760,6.3812,0.10531
3878,1,361.255,192.493,362.128,192.154,0.873,-0.340,0.936,6.4831,0.10520
3879,1,360.932,192.565,361.939,192.143,1.007,-0.422,1.091,6.4744,0.10508
3880,1,361.480,192.768,362.312,192.697,0.832,-0.071,0.835,6.4917,0.10489
3881,1,361.701,192.796,362.825,192.688,1.125,-0.107,1.130,6.5011,0.10491
3882,1,362.022,192.673,363.191,192.807,1.169,0.134,1.177,6.4156,0.10465
3883,1,361.550,192.671,362.530,192.423,0.980,-0.248,1.011,6.4261,0.10436
3884,1,360.447,191.683,361.497,191.242,1.050,-0.442,1.139,6.4670,0.10360
3885,1,359.659,191.962,360.602,191.874,0.942,-0.088,0.946,6.3309,0.10273
3886,1,359.317,192.052,360.297,192.226,0.980,0.175,0.995,6.2226,0.10190
3887,1,358.205,192.572,359.342,192.580,1.138,0.008,1.138,6.1916,0.10111
3888,1,357.374,193.288,358.303,193.173,0.929,-0.115,0.936,6.2327,0.10017
3889,1,357.163,193.651,358.068,193.657,0.906,0.006,0.906,6.2608,0.09928
3890,1,356.883,193.683,358.079,193.750,1.196,0.067,1.198,6.2677,0.09848
3891,1,356.740,193.311,357.546,193.064,0.806,-0.247,0.843,6.1928,0.09779
3892,1,357.433,192.729,358.357,193.217,0.924,0.489,1.046,6.1326,0.09693
3893,1,357.553,191.598,358.508,191.474,0.954,-0.124,0.962,6.2272,0.09618
3894,1,357.887,191.729,359.078,192.099,1.191,0.369,1.247,6.1492,0.09511
3895,1,358.207,191.304,359.124,191.072,0.916,-0.232,0.945,6.2264,0.09335
3896,1,358.320,190.563,359.320,190.557,0.999,-0.006,0.999,6.3559,0.09090
3897,1,358.160,189.313,359.133,188.944,0.972,-0.368,1.040,6.5258,0.08857
3898,1,357.700,187.653,358.781,186.843,1.081,-0.810,1.351,6.9289,0.08473
3899,1,357.259,187.476,358.183,187.832,0.923,0.356,0.990,6.9207,0.08250
3900,1,354.505,185.611,355.426,185.308,0.921,-0.303,0.970,7.3917,0.07731
3901,1,347.801,184.600,348.831,183.597,1.029,-1.003,1.437,7.8417,0.07149
3902,1,342.392,184.430,343.022,184.417,0.630,-0.013,0.630,7.9393,0.06699
3903,1,337.617,180.430,338.151,181.559,0.534,1.130,1.250,8.5686,0.06288
3904,1,336.105,177.846,337.045,177.280,0.940,-0.566,1.097,9.8496,0.05981
3905,1,333.503,176.013,334.119,176.685,0.616,0.672,0.912,10.8567,0.05823
3906,1,329.946,174.533,330.681,171.695,0.735,-2.838,2.932,12.3852,0.05898
3907,1,322.213,178.555,322.487,179.192,0.273,0.637,0.694,13.0812,0.06401
3908,1,317.732,175.709,317.992,177.054,0.260,1.345,1.370,14.0992,0.06845
3909,1,311.396,175.908,311.263,177.103,-0.134,1.196,1.203,16.2273,0.08199
3910,1,305.257,170.333,304.857,168.929,-0.400,-1.403,1.459,19.3363,0.09972
3911,1,301.122,170.157,300.878,171.442,-0.244,1.285,1.308,20.8808,0.11452
3912,1,298.664,160.793,298.405,162.032,-0.260,1.238,1.265,23.7695,0.13072
3913,1,297.440,160.877,297.688,158.863,0.247,-2.015,2.030,26.2241,0.14722
3914,1,292.402,166.486,291.868,169.269,-0.534,2.783,2.834,27.3681,0.16477
3915,1,290.236,159.217,289.200,160.210,-1.036,0.993,1.435,29.6463,0.17676
3916,1,281.412,169.086,281.140,171.583,-0.272,2.497,2.512,31.4965,0.20104
3917,1,274.617,168.757,273.635,172.187,-0.982,3.430,3.568,32.6209,0.21319
3918,1,263.731,163.656,262.488,162.064,-1.242,-1.591,2.019,35.9984,0.23719
3919,1,256.483,173.421,254.941,175.825,-1.543,2.404,2.857,35.8989,0.24888
3920,1,246.529,180.260,245.233,180.089,-1.296,-0.172,1.308,38.0685,0.27268
3921,1,238.485,193.345,237.298,194.219,-1.188,0.874,1.474,38.6868,0.29013
3922,1,228.321,201.019,226.973,203.219,-1.349,2.200,2.580,39.5682,0.30773
3923,1,216.366,204.393,215.379,204.197,-0.988,-0.196,1.007,40.8265,0.32412
3924,1,199.461,214.719,197.615,215.495,-1.846,0.776,2.002,40.7419,0.33991
3925,1,183.504,225.056,181.708,226.374,-1.796,1.318,2.228,40.6649,0.35446
3926,1,173.450,238.594,171.450,238.369,-2.000,-0.225,2.012,40.7398,0.36740
3989,1,249.665,214.588,249.916,214.480,0.250,-0.108,0.273,0.5051,0.00853
3990,1,253.332,214.582,253.197,214.304,-0.135,-0.278,0.309,1.5552,0.01751
3991,1,254.631,215.097,254.684,215.343,0.053,0.246,0.252,2.5778,0.02426
3992,1,256.412,214.259,256.130,214.416,-0.282,0.158,0.323,3.5675,0.03126
3993,1,257.931,213.523,258.038,213.586,0.107,0.064,0.125,4.0441,0.03555
3994,1,262.586,213.753,262.323,214.566,-0.263,0.813,0.855,5.0812,0.04496
3995,1,265.317,216.210,265.861,215.968,0.543,-0.242,0.595,5.5455,0.05009
3996,1,265.464,218.733,265.832,219.351,0.368,0.618,0.719,6.4277,0.05476
3997,1,263.580,217.238,264.032,217.307,0.452,0.068,0.457,7.3106,0.05908
3998,1,261.754,215.773,261.877,215.852,0.124,0.079,0.147,7.9311,0.06161
3999,1,259.369,214.670,259.371,215.179,0.002,0.509,0.509,8.8042,0.06549
4000,1,259.413,211.875,259.637,212.062,0.224,0.187,0.292,9.1348,0.06820
4001,1,260.530,212.684,260.981,212.328,0.451,-0.356,0.574,9.2485,0.06957
4002,1,261.778,212.290,262.339,212.229,0.561,-0.061,0.564,9.3843,0.07101
4003,1,262.475,211.693,263.110,211.412,0.635,-0.281,0.695,9.4553,0.07179
4004,1,262.438,213.465,262.925,214.140,0.488,0.675,0.833,9.7962,0.07327
4005,1,262.624,212.234,263.372,211.927,0.748,-0.307,0.809,9.8147,0.07388
4006,1,264.653,210.610,265.094,210.320,0.441,-0.290,0.528,9.7543,0.07493
4007,1,266.388,211.849,266.653,212.314,0.265,0.465,0.535,9.6695,0.07542
4008,1,269.473,211.811,269.592,212.528,0.119,0.717,0.726,9.4417,0.07626
4009,1,270.608,211.501,271.187,210.890,0.579,-0.611,0.842,9.3604,0.07688
4010,1,271.625,210.654,272.078,210.417,0.452,-0.237,0.511,9.4044,0.07780
4011,1,272.742,210.635,273.032,210.990,0.290,0.355,0.459,9.3481,0.07831
4012,1,274.696,210.697,275.324,210.792,0.628,0.094,0.635,9.2285,0.07903
4013,1,276.289,210.557,276.838,210.575,0.549,0.018,0.549,9.1532,0.07944
4014,1,277.097,208.638,277.549,208.979,0.452,0.342,0.567,9.1688,0.07978
4015,1,277.575,206.831,278.086,207.232,0.510,0.401,0.649,9.1622,0.07996
4016,1,277.734,207.273,278.243,207.418,0.509,0.145,0.529,9.1472,0.07996
4017,1,278.520,206.773,279.116,206.770,0.596,-0.003,0.596,9.0434,0.07996
4018,1,278.361,207.846,278.967,207.832,0.607,-0.013,0.607,9.0192,0.07981
4019,1,277.045,207.663,277.379,208.207,0.335,0.544,0.638,9.1599,0.07954
4020,1,276.625,206.570,277.293,206.211,0.668,-0.359,0.758,9.1859,0.07937
4021,1,277.497,206.551,278.356,206.328,0.859,-0.223,0.887,9.0367,0.07890
4022,1,277.528,206.554,278.332,206.905,0.804,0.352,0.877,8.9799,0.07849
4023,1,277.140,205.679,277.773,205.918,0.633,0.239,0.677,8.9548,0.07799
4024,1,277.024,205.645,277.868,205.435,0.844,-0.210,0.870,8.9135,0.07791
4025,1,277.440,207.685,278.149,207.812,0.710,0.127,0.721,8.7719,0.07792
4026,1,277.633,208.832,278.578,208.980,0.945,0.149,0.956,8.6417,0.07790
4027,1,278.204,211.517,279.007,211.967,0.803,0.451,0.921,8.5836,0.07814
4028,1,278.427,212.525,279.382,211.892,0.955,-0.634,1.146,8.5808,0.07832
4029,1,277.863,214.491,278.637,214.867,0.774,0.376,0.861,8.6429,0.07825
4030,1,277.628,215.738,278.373,215.522,0.745,-0.217,0.776,8.6566,0.07826
4031,1,276.581,222.215,277.388,221.842,0.806,-0.373,0.888,8.7043,0.07814
4032,1,276.348,231.116,276.933,230.597,0.585,-0.518,0.781,8.6423,0.07762
4033,1,274.301,246.483,274.847,246.047,0.545,-0.437,0.699,9.4773,0.07760
4034,1,273.002,264.564,273.767,261.889,0.764,-2.674,2.782,11.1946,0.07920
4035,1,275.038,288.916,275.551,287.015,0.513,-1.901,1.969,14.1582,0.08209
4036,1,282.864,316.458,282.951,314.383,0.086,-2.075,2.076,18.5649,0.09028
4037,1,292.496,337.378,293.140,335.938,0.644,-1.440,1.577,23.1833,0.10235
4042,1,304.858,334.054,305.528,332.156,0.670,-1.898,2.013,37.5703,0.19255
4043,1,304.805,321.529,304.752,318.633,-0.053,-2.896,2.896,39.3939,0.21447
4044,1,307.596,315.610,307.322,313.252,-0.273,-2.359,2.374,40.3329,0.22508
4045,1,320.394,302.307,320.045,298.568,-0.350,-3.739,3.755,41.5234,0.24528
4046,1,333.107,298.397,332.651,295.940,-0.456,-2.457,2.499,43.8779,0.26399
4047,1,340.611,290.487,340.362,286.898,-0.249,-3.589,3.598,44.5907,0.27627
4048,1,346.668,283.703,346.580,280.593,-0.088,-3.110,3.111,45.4680,0.28757
4049,1,350.470,272.930,350.592,270.542,0.122,-2.387,2.391,45.8628,0.29780
4050,1,350.557,256.831,349.203,253.869,-1.355,-2.962,3.257,46.0904,0.31087
4051,1,352.492,248.190,351.448,245.240,-1.044,-2.950,3.129,46.2618,0.31727
4052,1,357.572,230.897,356.764,228.252,-0.808,-2.645,2.765,47.1095,0.33104
4053,1,356.611,214.167,355.818,209.679,-0.792,-4.488,4.557,47.5184,0.34260
4054,1,360.082,202.547,358.533,199.776,-1.548,-2.771,3.174,48.3087,0.35188
4055,1,369.513,199.386,368.185,197.239,-1.328,-2.146,2.524,50.3579,0.36213
4056,1,379.873,201.356,379.359,199.232,-0.513,-2.124,2.185,52.3545,0.36842
4057,1,375.672,196.381,373.961,194.352,-1.711,-2.029,2.654,52.9473,0.37535
4058,1,372.584,187.991,370.513,185.475,-2.071,-2.516,3.259,52.5170,0.37948
4059,1,374.603,184.289,373.630,181.117,-0.973,-3.172,3.318,53.0196,0.38318
4060,1,365.952,175.582,364.293,172.690,-1.659,-2.893,3.334,53.0205,0.38854
4061,1,356.652,164.461,355.864,160.367,-0.787,-4.095,4.170,52.0485,0.39190
4062,1,350.394,153.642,349.106,149.891,-1.288,-3.751,3.966,51.3852,0.39550
4063,1,345.530,141.120,344.319,137.167,-1.210,-3.952,4.133,50.6644,0.40057
4064,1,345.750,138.353,344.889,134.870,-0.861,-3.484,3.589,51.0194,0.40519
4065,1,345.102,140.750,344.246,137.809,-0.856,-2.941,3.063,51.8214,0.40870
4066,1,343.239,142.480,342.387,138.984,-0.852,-3.496,3.599,52.3902,0.41151
4067,1,341.334,139.573,340.779,135.789,-0.555,-3.784,3.825,52.7714,0.41527
4068,1,339.327,137.714,338.461,134.145,-0.866,-3.569,3.673,53.0929,0.41792
4069,1,336.840,137.678,336.247,133.810,-0.593,-3.868,3.914,53.4663,0.41981
4070,1,335.907,138.152,335.235,134.590,-0.671,-3.562,3.624,53.8834,0.42148
4071,1,334.882,138.619,334.703,134.782,-0.179,-3.836,3.840,54.1652,0.42259
4072,1,333.723,135.729,333.480,132.105,-0.243,-3.624,3.632,54.1182,0.42358
4073,1,332.117,134.100,332.013,129.957,-0.104,-4.143,4.144,54.1824,0.42497
4074,1,330.441,133.773,330.377,130.273,-0.064,-3.500,3.500,54.4471,0.42611
4075,1,329.651,131.901,329.553,128.127,-0.098,-3.774,3.775,54.3458,0.42681
4076,1,329.727,130.306,329.890,126.250,0.163,-4.056,4.060,54.2522,0.42745
4077,1,329.478,129.480,329.562,125.032,0.083,-4.447,4.448,54.1938,0.42795
4078,1,328.887,128.848,329.020,124.918,0.133,-3.930,3.932,54.2614,0.42848
4079,1,327.548,127.582,327.573,123.650,0.025,-3.931,3.931,54.1752,0.42882
4080,1,326.674,128.229,326.862,124.201,0.189,-4.028,4.032,54.2595,0.42899
4081,1,326.619,127.801,326.949,123.776,0.330,-4.024,4.038,54.2585,0.42941
4082,1,326.661,127.967,327.037,124.059,0.377,-3.908,3.926,54.2984,0.42964
4083,1,326.472,128.759,326.798,125.011,0.326,-3.747,3.761,54.4132,0.42976
4084,1,326.392,128.613,326.444,124.744,0.052,-3.869,3.869,54.4005,0.42987
4085,1,326.288,128.450,326.313,124.621,0.025,-3.829,3.829,54.3850,0.42995
4086,1,326.421,128.791,326.658,124.922,0.237,-3.869,3.877,54.4088,0.43002
4087,1,326.465,129.105,326.607,125.389,0.142,-3.716,3.719,54.4526,0.43007
4088,1,326.416,129.708,326.633,125.768,0.217,-3.939,3.945,54.4705,0.43003
4089,1,326.262,130.253,326.487,126.297,0.225,-3.956,3.963,54.5290,0.42997
4090,1,325.628,128.652,325.840,125.062,0.212,-3.590,3.596,54.4264,0.43001
4091,1,325.195,125.648,325.160,121.432,-0.035,-4.216,4.216,54.0822,0.43017
4092,1,325.459,127.210,325.579,123.362,0.120,-3.848,3.850,54.2744,0.43021
4093,1,325.465,128.604,325.552,124.871,0.087,-3.733,3.734,54.4079,0.43012
4094,1,325.368,128.591,325.348,124.515,-0.020,-4.076,4.076,54.3560,0.42999
4095,1,325.559,128.796,325.674,125.003,0.115,-3.793,3.795,54.4139,0.43004
4096,1,325.407,128.450,325.598,124.563,0.191,-3.888,3.892,54.3950,0.43023
4097,1,324.703,126.653,324.552,126.285,-0.151,-0.368,0.398,0.2238,0.00020
4098,1,324.794,127.657,324.722,127.909,-0.072,0.252,0.262,0.1532,0.00036
4099,1,325.009,127.686,324.947,127.382,-0.062,-0.305,0.311,0.2307,0.00040
4100,1,324.619,128.624,324.621,128.802,0.002,0.178,0.178,0.2203,0.00036
4101,1,324.578,128.608,324.613,128.198,0.036,-0.411,0.412,0.1856,0.00030
4102,1,324.684,129.516,324.666,129.282,-0.018,-0.235,0.235,0.2238,0.00034
4103,1,324.733,129.456,324.747,129.172,0.014,-0.284,0.284,0.2238,0.00036
4104,1,324.673,128.967,324.692,129.089,0.019,0.122,0.123,0.2564,0.00043
4105,1,324.427,127.595,324.357,127.319,-0.069,-0.276,0.285,0.3263,0.00048
4106,1,324.413,127.671,324.293,127.621,-0.120,-0.049,0.129,0.3937,0.00064
4107,1,324.481,128.362,324.582,128.204,0.101,-0.158,0.187,0.3877,0.00081
4108,1,324.404,126.814,324.312,126.410,-0.093,-0.405,0.415,0.4648,0.00078
4109,1,324.384,127.553,324.184,127.411,-0.200,-0.142,0.245,0.4731,0.00088
4110,1,324.515,127.862,324.465,127.834,-0.050,-0.027,0.057,0.4764,0.00089
4111,1,325.253,129.753,324.988,129.935,-0.264,0.182,0.321,0.4406,0.00106
4112,1,325.145,128.528,324.902,127.912,-0.243,-0.615,0.661,0.4926,0.00130
4113,1,325.240,129.423,325.024,129.422,-0.216,-0.001,0.216,0.4546,0.00164
4114,1,325.336,129.806,325.106,129.764,-0.230,-0.041,0.234,0.4511,0.00223
4115,1,325.488,130.377,325.377,130.128,-0.111,-0.248,0.272,0.4563,0.00275
4116,1,325.465,133.187,325.305,133.340,-0.160,0.152,0.221,0.5051,0.00384
4117,1,324.900,133.663,324.762,133.662,-0.138,-0.000,0.138,0.5525,0.00439
4118,1,324.878,132.244,324.701,131.755,-0.177,-0.489,0.520,0.6644,0.00495
4119,1,326.410,133.640,326.266,133.837,-0.144,0.196,0.244,1.1302,0.00741
4120,1,328.290,135.744,328.027,136.044,-0.263,0.301,0.399,1.6749,0.01031
4121,1,330.213,138.678,329.766,139.226,-0.447,0.547,0.707,2.3884,0.01452
4122,1,335.645,142.306,335.075,143.082,-0.569,0.776,0.962,4.6598,0.02615
4123,1,341.733,144.718,341.069,145.188,-0.665,0.470,0.814,6.3748,0.03634
4124,1,347.596,152.286,346.946,152.584,-0.650,0.297,0.714,7.9189,0.04937
4125,1,351.969,166.017,351.153,167.326,-0.816,1.309,1.542,9.0651,0.06478
4126,1,353.427,178.894,352.542,180.098,-0.885,1.204,1.494,11.0737,0.08846
4127,1,349.977,185.505,348.713,186.833,-1.264,1.328,1.833,12.5799,0.10723
4128,1,346.184,189.614,344.976,191.004,-1.208,1.390,1.841,13.6541,0.12036
4129,1,331.521,198.765,329.674,200.040,-1.847,1.276,2.245,15.9476,0.15250
4130,1,322.784,206.701,320.911,208.557,-1.873,1.857,2.638,17.0731,0.17084
4131,1,313.368,212.764,311.336,214.879,-2.032,2.115,2.932,18.2226,0.18863
4132,1,300.121,220.662,297.896,222.517,-2.224,1.855,2.896,19.5170,0.21073
4133,1,289.432,224.276,287.151,226.444,-2.281,2.168,3.147,20.3840,0.22648
4134,1,273.559,228.803,271.318,231.013,-2.241,2.210,3.148,21.2659,0.24640
4135,1,260.862,230.675,258.282,233.304,-2.580,2.629,3.683,21.7722,0.26026
4136,1,245.825,229.698,243.393,231.747,-2.432,2.049,3.180,22.8098,0.27783
4137,1,236.688,228.453,234.194,230.790,-2.494,2.338,3.418,23.5930,0.29020
4138,1,227.486,225.950,224.734,228.265,-2.752,2.316,3.597,24.8014,0.30601
4139,1,219.410,225.654,216.725,227.965,-2.686,2.312,3.543,25.6686,0.32035
4140,1,211.893,224.524,209.462,227.096,-2.431,2.573,3.539,26.0909,0.32972
4141,1,201.471,218.933,198.832,221.052,-2.639,2.119,3.384,26.6773,0.33904
4142,1,190.406,215.704,187.459,218.082,-2.947,2.378,3.787,26.7355,0.34541
4143,1,184.899,214.639,182.170,217.111,-2.729,2.472,3.682,26.6289,0.34742
4144,1,175.293,210.312,172.269,212.610,-3.025,2.298,3.798,26.5670,0.35039
4145,1,170.341,207.627,167.333,209.627,-3.008,2.000,3.612,26.5815,0.35155
4146,1,168.346,206.899,165.074,209.334,-3.272,2.434,4.078,26.5342,0.35280
4147,1,168.367,207.189,165.449,209.350,-2.918,2.161,3.631,26.5317,0.35372
4148,1,168.466,206.828,165.330,209.368,-3.136,2.540,4.035,26.5112,0.35396
4149,1,168.453,205.730,165.519,207.998,-2.934,2.268,3.708,26.6746,0.35431
4150,1,166.767,206.069,163.991,208.410,-2.776,2.341,3.631,26.5797,0.35451
4151,1,165.601,205.668,162.843,208.109,-2.758,2.441,3.683,26.5407,0.35473
4152,1,164.449,205.683,161.638,207.838,-2.811,2.155,3.542,26.4575,0.35483
4153,1,164.529,204.698,161.897,206.922,-2.632,2.224,3.446,26.5696,0.35437
4154,1,164.651,204.617,162.288,206.786,-2.363,2.169,3.208,26.6259,0.35412
4155,1,164.571,205.018,161.909,207.531,-2.662,2.513,3.661,26.5000,0.35389
4156,1,164.015,204.760,161.510,207.146,-2.504,2.386,3.459,26.4460,0.35356
4157,1,163.948,204.572,161.652,206.718,-2.296,2.146,3.142,26.3924,0.35260
4158,1,164.709,203.912,162.486,206.256,-2.223,2.344,3.231,26.4270,0.35167
4159,1,164.657,203.609,162.479,205.783,-2.177,2.175,3.077,26.4101,0.35063
4160,1,164.812,203.598,162.623,205.862,-2.190,2.264,3.150,26.3666,0.35004
4161,1,165.044,203.351,162.636,205.619,-2.409,2.268,3.309,26.3594,0.34968
4162,1,165.302,202.669,162.829,205.275,-2.473,2.605,3.592,26.3778,0.34946
4163,1,164.356,202.395,161.856,204.592,-2.500,2.197,3.328,26.3632,0.34924
4164,1,163.788,202.076,161.451,204.354,-2.336,2.278,3.263,26.3747,0.34922
4165,1,163.611,201.564,161.381,203.783,-2.231,2.219,3.146,26.4137,0.34934
4166,1,163.411,200.649,160.857,202.906,-2.554,2.256,3.408,26.4513,0.34971
4167,1,162.726,200.744,160.305,203.028,-2.422,2.283,3.328,26.4112,0.35000
4168,1,162.432,199.696,159.789,202.101,-2.643,2.404,3.573,26.5140,0.35098
4169,1,161.214,199.736,158.537,202.112,-2.676,2.376,3.579,26.4630,0.35146
4170,1,159.745,199.853,156.825,202.389,-2.921,2.536,3.868,26.3609,0.35200
4171,1,158.101,199.433,155.430,201.542,-2.671,2.110,3.404,26.4112,0.35266
4172,1,157.549,199.339,155.005,201.349,-2.544,2.010,3.242,26.4423,0.35315
4173,1,156.854,199.345,154.139,201.415,-2.715,2.070,3.414,26.4218,0.35384
4174,1,156.551,199.224,153.648,201.384,-2.903,2.161,3.619,26.4187,0.35415
4175,1,155.460,199.477,152.586,201.717,-2.874,2.241,3.644,26.3447,0.35448
4176,1,154.941,198.859,152.287,201.035,-2.654,2.176,3.432,26.4087,0.35477
4177,1,154.724,199.150,152.063,201.385,-2.661,2.235,3.475,26.3823,0.35505
4178,1,153.910,199.201,151.524,201.003,-2.386,1.801,2.990,26.4039,0.35529
4179,1,153.692,199.371,150.966,201.569,-2.726,2.198,3.501,26.3326,0.35546
4180,1,154.362,198.740,151.679,201.072,-2.684,2.332,3.556,26.4232,0.35548
4181,1,154.545,199.037,152.111,201.225,-2.434,2.189,3.273,26.4353,0.35555
4182,1,154.523,199.269,152.064,201.391,-2.459,2.122,3.248,26.3963,0.35548
4183,1,154.498,198.597,151.944,200.785,-2.554,2.188,3.363,26.4357,0.35548
4184,1,154.366,197.798,151.647,200.278,-2.719,2.479,3.679,26.4486,0.35536
4185,1,153.941,196.633,151.396,198.708,-2.544,2.075,3.283,26.5501,0.35527
4186,1,153.963,195.913,151.504,198.200,-2.459,2.288,3.358,26.5819,0.35509
4187,1,153.844,195.887,151.307,198.139,-2.537,2.252,3.392,26.5788,0.35489
4188,1,153.716,195.887,151.090,198.122,-2.625,2.235,3.448,26.5739,0.35484
4189,1,153.808,195.657,151.123,197.938,-2.685,2.280,3.523,26.5915,0.35474
4190,1,153.877,195.682,151.447,197.564,-2.431,1.882,3.074,26.6207,0.35468
4191,1,154.131,195.629,151.526,197.650,-2.605,2.020,3.297,26.5927,0.35449
4192,1,154.305,194.692,151.569,196.634,-2.736,1.941,3.355,26.7074,0.35438
4193,1,154.407,194.691,151.623,196.814,-2.784,2.123,3.501,26.6962,0.35427
4194,1,153.928,195.660,151.410,197.539,-2.518,1.879,3.142,26.6017,0.35407
4195,1,154.443,195.621,151.764,197.562,-2.679,1.941,3.308,26.6049,0.35391
4196,1,154.827,195.774,152.184,198.031,-2.643,2.256,3.475,26.5844,0.35381
4197,1,154.833,195.730,152.211,198.012,-2.621,2.282,3.475,26.6047,0.35373
4198,1,154.811,195.308,152.337,197.252,-2.474,1.944,3.146,26.6690,0.35362
4199,1,154.521,195.253,151.891,197.322,-2.631,2.069,3.347,26.6096,0.35349
4200,1,154.150,194.730,151.325,196.883,-2.825,2.154,3.552,26.6067,0.35342
4201,1,154.191,193.753,151.381,196.050,-2.810,2.297,3.629,26.6683,0.35340
4202,1,153.948,193.762,151.396,195.828,-2.552,2.066,3.283,26.6840,0.35348
4203,1,153.308,193.643,150.606,195.680,-2.703,2.037,3.384,26.6488,0.35352
4204,1,152.804,193.690,150.182,195.626,-2.622,1.936,3.259,26.6600,0.35384
4205,1,152.737,193.670,152.604,193.812,-0.133,0.142,0.195,0.0396,0.00041
4206,1,151.793,193.750,151.845,193.960,0.052,0.211,0.217,0.0685,0.00085
4207,1,151.273,193.750,151.098,193.884,-0.175,0.134,0.220,0.0969,0.00122
4208,1,150.705,193.990,150.651,194.287,-0.054,0.297,0.302,0.0791,0.00172
4209,1,150.194,194.018,150.067,194.074,-0.127,0.056,0.139,0.0885,0.00200
4210,1,148.807,194.555,148.823,194.513,0.016,-0.043,0.046,0.1725,0.00271
4211,1,148.602,194.146,148.314,194.143,-0.288,-0.003,0.288,0.1813,0.00294
4212,1,147.737,194.359,147.708,194.174,-0.029,-0.185,0.187,0.1978,0.00357
4213,1,147.543,193.887,147.329,193.962,-0.214,0.074,0.226,0.1978,0.00402
4214,1,146.636,193.808,146.498,193.778,-0.137,-0.031,0.141,0.2471,0.00435
4215,1,146.530,194.362,146.288,194.326,-0.243,-0.036,0.245,0.2825,0.00456
4216,1,146.322,194.353,146.195,194.308,-0.127,-0.045,0.135,0.3190,0.00451
4217,1,145.574,193.673,145.441,193.534,-0.133,-0.139,0.192,0.4131,0.00404
4218,1,143.652,194.650,143.785,194.787,0.133,0.136,0.190,0.8290,0.00223
4219,1,140.453,196.894,140.336,196.927,-0.117,0.033,0.122,1.6608,0.00339
4220,1,137.965,198.760,138.077,198.881,0.112,0.122,0.166,2.3854,0.00758
4221,1,135.702,203.995,135.999,203.536,0.297,-0.459,0.547,4.0435,0.02044
4222,1,136.550,208.223,136.874,208.062,0.324,-0.161,0.361,4.9818,0.02865
4223,1,139.773,218.369,140.478,218.123,0.705,-0.246,0.747,7.1310,0.04798
4224,1,141.135,222.936,142.023,223.226,0.888,0.290,0.934,8.3449,0.05912
4225,1,147.271,229.401,148.110,228.313,0.840,-1.088,1.374,10.5814,0.08310
4226,1,152.386,236.642,153.371,235.587,0.985,-1.055,1.444,11.6935,0.09607
4227,1,164.647,253.608,166.228,253.035,1.581,-0.574,1.682,13.9678,0.12437
4228,1,175.690,264.307,177.330,263.920,1.640,-0.387,1.685,15.5992,0.14637
4229,1,187.644,270.423,189.323,270.382,1.679,-0.041,1.679,17.0875,0.16906
4230,1,199.468,274.554,201.433,274.412,1.965,-0.142,1.970,18.5469,0.19212
4231,1,210.191,271.702,212.087,272.311,1.896,0.608,1.992,19.8921,0.21419
4232,1,219.902,264.474,222.599,263.876,2.697,-0.598,2.763,21.2390,0.23664
4233,1,226.314,256.854,228.954,257.001,2.640,0.147,2.644,22.2232,0.25106
4234,1,232.522,239.930,235.917,239.578,3.395,-0.352,3.413,24.8348,0.27875
4235,1,230.993,227.865,234.710,227.370,3.717,-0.495,3.750,27.5980,0.29861
4236,1,227.747,220.746,231.841,220.487,4.094,-0.259,4.102,30.3733,0.31685
4237,1,223.212,213.266,227.239,213.428,4.027,0.162,4.031,33.1808,0.33343
4238,1,219.429,204.823,223.895,204.679,4.466,-0.144,4.469,35.7159,0.34862
4239,1,218.392,197.637,222.362,197.598,3.970,-0.039,3.970,37.8853,0.36257
4240,1,220.672,192.480,225.441,192.418,4.769,-0.061,4.769,38.7987,0.37106
4241,1,226.567,184.497,231.792,184.359,5.225,-0.138,5.227,40.5039,0.38767
4242,1,232.028,179.668,237.145,179.588,5.117,-0.080,5.117,42.0368,0.40294
4243,1,235.553,177.910,240.717,177.860,5.165,-0.050,5.165,42.6727,0.41030
4244,1,241.315,176.789,246.616,177.666,5.301,0.877,5.374,43.9069,0.42419
4245,1,243.642,175.935,248.794,176.250,5.152,0.315,5.161,44.5275,0.43039
4246,1,249.707,177.783,255.244,178.600,5.537,0.816,5.597,45.3520,0.44173
4247,1,251.654,178.665,257.124,179.292,5.469,0.627,5.505,45.8695,0.44704
4248,1,259.129,183.420,264.272,183.890,5.142,0.470,5.164,46.6100,0.45818
4249,1,264.567,187.242,269.687,187.962,5.119,0.721,5.170,46.7502,0.46349
4250,1,268.619,189.586,273.633,189.421,5.014,-0.165,5.017,46.9287,0.46775
4251,1,276.002,196.587,281.173,197.257,5.172,0.671,5.215,46.5176,0.47133
4252,1,278.387,198.980,283.753,200.036,5.366,1.056,5.469,46.3909,0.47280
4253,1,279.448,200.671,284.088,201.564,4.641,0.893,4.726,46.6326,0.47512
4254,1,280.141,201.780,285.127,202.713,4.986,0.933,5.073,46.6237,0.47604
4255,1,280.942,202.086,285.936,202.721,4.995,0.635,5.035,46.6475,0.47693
4256,1,282.529,202.894,287.477,203.918,4.948,1.025,5.053,46.5651,0.47784
4257,1,282.891,202.993,288.121,203.761,5.230,0.769,5.286,46.5849,0.47872
4258,1,282.895,202.587,288.003,203.121,5.108,0.533,5.136,46.6524,0.47911
4259,1,282.742,202.938,287.818,203.628,5.076,0.690,5.123,46.7235,0.47962
4260,1,283.390,202.564,288.287,203.324,4.896,0.760,4.955,46.7003,0.47994
4261,1,283.681,203.851,288.904,204.838,5.224,0.987,5.316,46.6040,0.48010
4262,1,284.149,204.359,289.270,204.799,5.121,0.440,5.140,46.5575,0.48019
4263,1,284.584,204.593,289.641,205.152,5.057,0.559,5.087,46.4892,0.48004
4264,1,283.677,204.603,289.126,205.712,5.448,1.109,5.560,46.5129,0.47993
4265,1,282.442,203.756,287.321,204.351,4.880,0.595,4.916,46.6810,0.47974
4266,1,282.447,203.752,287.360,204.408,4.913,0.656,4.957,46.6681,0.47963
4267,1,281.719,203.815,287.305,204.790,5.586,0.975,5.670,46.6506,0.47950
4268,1,281.144,203.502,286.201,203.892,5.057,0.390,5.072,46.7629,0.47932
4269,1,280.855,203.342,286.141,203.843,5.286,0.501,5.309,46.7538,0.47913
4270,1,280.862,203.197,286.173,203.757,5.311,0.560,5.340,46.7448,0.47902
4271,1,280.586,203.779,285.771,204.697,5.185,0.918,5.265,46.7473,0.47896
4272,1,280.571,203.721,285.733,204.646,5.162,0.925,5.244,46.7243,0.47878
4273,1,279.677,204.287,285.027,205.084,5.350,0.797,5.409,46.7553,0.47859
4274,1,279.412,203.843,284.315,204.397,4.902,0.553,4.934,46.8333,0.47851
4275,1,278.727,203.731,284.138,204.537,5.411,0.805,5.471,46.8151,0.47825
4276,1,278.517,204.013,283.673,204.659,5.155,0.646,5.195,46.8534,0.47818
4277,1,278.501,204.257,283.645,204.679,5.145,0.422,5.162,46.8410,0.47813
4278,1,278.458,204.346,283.435,205.035,4.976,0.689,5.024,46.8406,0.47800
4279,1,278.435,203.720,283.456,204.636,5.021,0.916,5.104,46.8363,0.47795
4280,1,278.637,203.490,283.844,203.851,5.207,0.361,5.219,46.7917,0.47773
4281,1,278.958,203.651,284.096,204.455,5.138,0.803,5.201,46.7534,0.47765
4282,1,279.289,203.694,284.233,204.399,4.944,0.705,4.994,46.7197,0.47744
4283,1,279.081,203.958,284.085,204.968,5.004,1.010,5.105,46.7079,0.47732
4284,1,278.635,203.929,283.724,204.643,5.089,0.713,5.139,46.7376,0.47721
4285,1,278.602,203.740,283.629,204.676,5.027,0.936,5.113,46.7402,0.47712
4286,1,279.293,203.670,284.500,204.451,5.207,0.781,5.265,46.6463,0.47694
4287,1,279.117,203.451,284.273,204.088,5.155,0.636,5.195,46.6717,0.47682
4288,1,278.661,203.182,283.934,203.713,5.272,0.531,5.299,46.7132,0.47678
4289,1,278.609,203.387,283.963,204.159,5.354,0.772,5.409,46.7008,0.47674
4290,1,278.571,202.564,283.787,203.239,5.216,0.675,5.260,46.7218,0.47664
4291,1,278.501,202.335,283.791,203.128,5.291,0.793,5.350,46.7256,0.47659
4292,1,278.528,202.104,283.719,202.992,5.191,0.888,5.266,46.7332,0.47652
4293,1,278.572,201.546,283.934,202.449,5.361,0.903,5.437,46.7107,0.47641
4294,1,278.641,200.847,283.937,201.617,5.295,0.770,5.351,46.7121,0.47616
4295,1,278.383,200.423,283.538,201.068,5.155,0.645,5.195,46.7486,0.47592
4296,1,278.395,200.162,283.494,200.555,5.100,0.394,5.115,46.7521,0.47580
4297,1,278.282,199.671,283.547,200.570,5.265,0.898,5.341,46.7327,0.47566
4298,1,277.728,199.598,283.215,200.230,5.488,0.633,5.524,46.7663,0.47557
4299,1,277.721,199.302,283.092,199.922,5.371,0.621,5.407,46.7690,0.47535
4300,1,277.797,198.785,283.208,199.688,5.411,0.903,5.486,46.7557,0.47528
4301,1,278.391,198.649,283.526,199.365,5.135,0.716,5.185,46.7255,0.47521
4302,1,278.704,198.672,283.999,199.507,5.295,0.835,5.360,46.6590,0.47511
4303,1,278.699,198.469,284.036,199.066,5.337,0.596,5.371,46.6407,0.47503
4304,1,278.595,197.898,283.875,198.560,5.279,0.661,5.321,46.6658,0.47503
4305,1,277.762,197.543,283.047,198.148,5.285,0.605,5.319,46.7613,0.47502
4306,1,278.152,197.045,283.292,197.719,5.139,0.674,5.183,46.7415,0.47493
4307,1,278.576,197.201,283.947,197.925,5.371,0.724,5.420,46.6675,0.47484
4308,1,278.243,196.796,283.450,197.518,5.207,0.722,5.257,46.7151,0.47478
4309,1,277.947,196.600,283.168,197.544,5.221,0.944,5.306,46.7298,0.47469
4310,1,278.038,196.389,283.461,197.423,5.423,1.033,5.520,46.6863,0.47456
4311,1,277.471,195.693,282.427,196.661,4.955,0.968,5.049,46.8047,0.47454
4312,1,277.291,195.414,282.488,196.022,5.197,0.608,5.232,46.7988,0.47440
4313,1,277.462,195.414,282.772,195.971,5.310,0.557,5.339,46.7592,0.47429
4314,1,277.439,195.599,282.534,196.509,5.095,0.909,5.176,46.7577,0.47416
4315,1,276.921,195.522,282.208,196.496,5.288,0.974,5.377,46.7768,0.47406
4316,1,276.342,195.405,281.568,196.097,5.226,0.692,5.272,46.8379,0.47395
4317,1,275.596,194.540,280.866,195.168,5.271,0.628,5.308,46.9241,0.47392
4318,1,275.461,194.560,280.544,195.304,5.083,0.744,5.137,46.9465,0.47385
4319,1,276.457,194.925,281.470,195.711,5.012,0.786,5.074,46.8236,0.47371
4320,1,276.603,194.866,281.835,195.913,5.232,1.046,5.336,46.7779,0.47370
4321,1,277.167,194.530,282.181,195.471,5.015,0.941,5.102,46.7502,0.47375
4322,1,277.599,194.396,277.956,194.368,0.356,-0.028,0.358,0.0560,0.00009
4323,1,277.733,194.943,278.274,195.071,0.541,0.129,0.556,0.1187,0.00022
4324,1,277.736,194.745,278.246,194.892,0.510,0.148,0.531,0.1532,0.00033
4325,1,277.573,194.523,278.049,194.403,0.475,-0.121,0.490,0.1583,0.00038
4326,1,277.232,194.530,277.543,194.685,0.311,0.155,0.348,0.1583,0.00047
4327,1,277.528,194.643,277.702,194.753,0.174,0.110,0.206,0.1532,0.00048
4328,1,277.880,194.863,278.498,194.844,0.618,-0.019,0.619,0.2654,0.00056
4329,1,277.771,194.868,278.243,194.920,0.471,0.053,0.474,0.2770,0.00063
4330,1,278.283,195.145,278.491,195.190,0.208,0.046,0.213,0.3165,0.00063
4331,1,278.149,195.612,278.522,195.611,0.373,-0.001,0.373,0.3937,0.00071
4332,1,277.421,195.712,277.641,196.007,0.219,0.296,0.368,0.4280,0.00094
4333,1,275.663,195.476,276.261,195.446,0.598,-0.030,0.599,0.1769,0.00156
4334,1,273.448,194.517,273.976,194.715,0.528,0.198,0.564,0.4942,0.00233
4335,1,268.317,192.540,268.433,192.802,0.116,0.261,0.286,0.7328,0.00229
4336,1,266.794,193.525,267.058,193.551,0.264,0.026,0.265,1.4155,0.00222
4337,1,270.506,195.277,271.022,195.275,0.516,-0.001,0.516,1.9616,0.00267
4338,1,272.775,195.663,273.435,196.184,0.659,0.520,0.840,2.0491,0.00254
4339,1,275.010,194.861,275.186,194.817,0.176,-0.044,0.182,1.9752,0.00267
4340,1,277.464,194.797,277.443,195.110,-0.022,0.312,0.313,1.8926,0.00277
4341,1,281.776,194.518,282.315,194.459,0.539,-0.060,0.543,1.9620,0.00339
4342,1,282.545,193.898,283.062,194.288,0.517,0.390,0.648,1.9416,0.00362
4343,1,280.606,192.449,280.872,192.622,0.266,0.173,0.317,1.9278,0.00384
4344,1,279.639,191.454,279.807,191.391,0.169,-0.063,0.180,2.0514,0.00394
4345,1,280.626,191.464,280.951,191.573,0.325,0.109,0.343,2.1843,0.00413
4346,1,281.600,191.650,282.100,192.119,0.500,0.469,0.686,2.2085,0.00415
4347,1,280.818,190.898,281.322,191.070,0.504,0.172,0.532,2.2166,0.00373
4348,1,279.517,190.349,279.788,190.241,0.270,-0.108,0.291,2.3104,0.00332
4349,1,279.491,190.465,279.565,190.774,0.074,0.309,0.318,2.4241,0.00319
4350,1,280.424,190.706,280.823,191.051,0.398,0.345,0.527,2.5842,0.00329
4351,1,280.612,190.436,281.076,190.469,0.463,0.033,0.464,2.6119,0.00327
