frame,id,x,y,z,qx,qy,qz,qw
1497,0,0.015103,1.169585,-0.818590,0.9986892,-0.0003732,0.0496428,0.0124684
1498,0,0.015178,1.169667,-0.819116,0.9981970,-0.0032382,0.0494106,0.0339238
1499,0,0.015182,1.169819,-0.817830,0.9976590,-0.0044248,0.0454927,0.0508666
1500,0,0.015301,1.169847,-0.818363,0.9978009,-0.0043802,0.0470139,0.0465173
1501,0,0.015271,1.169903,-0.818187,0.9968358,-0.0050466,0.0525574,0.0594205
1502,0,0.015218,1.169919,-0.818844,0.9960515,-0.0048176,0.0661975,0.0589578
1503,0,0.014891,1.170154,-0.818245,0.9931520,-0.0028014,0.1014421,0.0578872
1504,0,0.015317,1.170007,-0.818301,0.9975110,-0.0040580,0.0497417,0.0498111
1505,0,0.015134,1.169931,-0.818745,0.9967003,-0.0034148,0.0637304,0.0501525
1506,0,0.015170,1.169937,-0.818750,0.9968278,-0.0035958,0.0604524,0.0516421
1507,0,0.015225,1.169889,-0.819143,0.9969397,-0.0031792,0.0618253,0.0477365
1508,0,0.014795,1.169801,-0.818933,0.9947578,0.0003587,0.0996825,0.0228056
1509,0,0.015119,1.170134,-0.817853,0.9957982,-0.0035949,0.0740131,0.0538071
1510,0,0.014744,1.169750,-0.818657,0.9930522,-0.0000659,0.1154235,0.0229065
1511,0,0.015317,1.170035,-0.817582,0.9986119,-0.0023575,0.0365268,0.0378764
1512,0,0.015342,1.169920,-0.817983,0.9982355,-0.0014705,0.0551907,0.0218543
1513,0,0.015249,1.170044,-0.816605,0.9989970,-0.0033572,0.0221017,0.0387977
1514,0,0.015178,1.170139,-0.817869,0.9957260,-0.0037128,0.0731546,0.0562524
1515,0,0.015289,1.169874,-0.818569,0.9970094,-0.0018777,0.0655521,0.0408855
1516,0,0.015358,1.170019,-0.817752,0.9981523,-0.0027234,0.0367799,0.0482885
1517,0,0.015287,1.170040,-0.818568,0.9969635,-0.0031894,0.0607840,0.0485696
1518,0,0.015366,1.169932,-0.817553,0.9986582,-0.0034935,0.0419171,0.0302091
1519,0,0.015117,1.169672,-0.817990,0.9974001,0.0005450,0.0720601,-0.0002814
1520,0,0.015052,1.170045,-0.817421,0.9970041,-0.0045262,0.0553566,0.0538336
1521,0,0.015060,1.170049,-0.818289,0.9953424,-0.0037845,0.0796714,0.0541448
1522,0,0.015074,1.169931,-0.816403,0.9988843,-0.0025660,0.0354689,0.0310740
1523,0,0.015179,1.170018,-0.818578,0.9955460,-0.0046014,0.0732531,0.0591686
1524,0,0.015217,1.169968,-0.819340,0.9951547,-0.0039195,0.0831780,0.0522790
1525,0,0.015206,1.169808,-0.818532,0.9974065,-0.0029715,0.0632937,0.0341388
1526,0,0.015004,1.170059,-0.816392,0.9989486,-0.0033703,0.0306330,0.0339395
1527,0,0.015416,1.169928,-0.818674,0.9982640,-0.0029240,0.0478797,0.0341761
1528,0,0.015288,1.170049,-0.819139,0.9972385,-0.0049432,0.0510655,0.0536970
1529,0,0.015191,1.170153,-0.818554,0.9969984,-0.0042354,0.0525687,0.0566817
1530,0,0.015543,1.170227,-0.819401,0.9952448,-0.0058672,0.0624931,0.0744850
1531,0,0.015478,1.169947,-0.820106,0.9951035,-0.0043090,0.0714129,0.0681964
1532,0,0.015387,1.170005,-0.819033,0.9932867,-0.0055067,0.0743385,0.0884594
1533,0,0.015535,1.169107,-0.819109,0.9953291,0.0030697,0.0958774,-0.0108638
1534,0,0.015561,1.168909,-0.819229,0.9962662,0.0021218,0.0860374,-0.0068282
1535,0,0.015345,1.168768,-0.819099,0.9968977,0.0009873,0.0785252,-0.0052679
1536,0,0.015611,1.168731,-0.820039,0.9980747,-0.0017225,0.0577923,0.0224517
1537,0,0.015212,1.168714,-0.818787,0.9979856,-0.0006312,0.0632742,0.0045548
1538,0,0.015472,1.168892,-0.819790,0.9988201,-0.0047837,0.0363462,0.0318522
1539,0,0.015294,1.168944,-0.818673,0.9993644,-0.0056915,0.0205706,0.0285525
1540,0,0.015264,1.168921,-0.819342,0.9993128,-0.0057647,0.0197691,0.0308189
1541,0,0.015098,1.168928,-0.819789,0.9991496,-0.0069753,0.0085793,0.0397208
1542,0,0.014892,1.169114,-0.818742,0.9992275,-0.0080946,-0.0096861,0.0372168
1543,0,0.014770,1.169447,-0.819237,0.9986691,-0.0098299,-0.0114099,0.0493266
1544,0,0.014963,1.169685,-0.819004,0.9982407,-0.0103298,-0.0228986,0.0537075
1545,0,0.013992,1.170277,-0.819951,0.9886294,-0.0018814,0.1252194,0.0832370
1546,0,0.014998,1.169677,-0.822939,0.9990668,-0.0078929,-0.0055804,0.0420962
1547,0,0.014367,1.169998,-0.824035,0.9926921,-0.0021974,0.0939326,0.0757248
1548,0,0.014720,1.170144,-0.824363,0.9941521,-0.0038758,0.0733239,0.0791844
1549,0,0.015158,1.169801,-0.824664,0.9997539,-0.0049892,0.0159292,0.0146094
1550,0,0.015202,1.169721,-0.822652,0.9995547,-0.0036697,0.0256409,-0.0148150
1551,0,0.015103,1.169572,-0.821955,0.9992527,-0.0021209,0.0247982,-0.0295726
1552,0,0.015302,1.170937,-0.820433,0.9899505,-0.0066747,0.0282465,0.1384038
1553,0,0.015327,1.170615,-0.821072,0.9901384,-0.0064348,0.0248996,0.1377124
1554,0,0.015457,1.170509,-0.820075,0.9898646,-0.0053505,0.0278470,0.1391546
1555,0,0.015398,1.170038,-0.820653,0.9901665,-0.0061267,0.0294512,0.1366210
1556,0,0.015178,1.169612,-0.820221,0.9911547,-0.0042914,0.0300145,0.1292022
1557,0,0.014959,1.169208,-0.822471,0.9927818,-0.0040086,0.0349382,0.1146633
1558,0,0.014743,1.169109,-0.823951,0.9954156,-0.0028701,0.0355640,0.0887405
1559,0,0.014636,1.168936,-0.827431,0.9982065,-0.0013356,0.0340047,0.0492515
1560,0,0.013623,1.168700,-0.827598,0.9943196,0.0017528,0.1058864,-0.0106575
1561,0,0.012544,1.169039,-0.824383,0.9887414,0.0027419,0.1484243,-0.0187933
1562,0,0.011908,1.169324,-0.822638,0.9847800,0.0030823,0.1726276,-0.0199628
1563,0,0.013173,1.169571,-0.821681,0.9971665,0.0030005,-0.0737130,0.0147090
1564,0,0.012661,1.169778,-0.819016,0.9973176,0.0030016,-0.0705898,0.0191236
1565,0,0.012796,1.170194,-0.818833,0.9980291,0.0023607,-0.0572896,0.0255001
1566,0,0.013604,1.170594,-0.819801,0.9990910,0.0012524,-0.0314610,0.0287365
1567,0,0.014396,1.171318,-0.820264,0.9993013,-0.0006230,-0.0048626,0.0370532
1568,0,0.015273,1.171693,-0.822040,0.9974755,-0.0044183,0.0360509,0.0610205
1569,0,0.015567,1.171702,-0.821309,0.9949605,-0.0075416,0.0563478,0.0825936
1570,0,0.015650,1.171505,-0.819748,0.9916024,-0.0098461,0.0792403,0.1017289
1571,0,0.015980,1.170972,-0.821155,0.9908398,-0.0097103,0.0935720,0.0968834
1572,0,0.016212,1.169945,-0.823588,0.9908376,-0.0073684,0.1083000,0.0803601
1573,0,0.016087,1.168997,-0.822501,0.9987811,-0.0009468,0.0492911,0.0023930
1574,0,0.015404,1.168942,-0.820847,0.9996893,-0.0024720,0.0229862,0.0093183
1575,0,0.014917,1.169159,-0.819481,0.9998162,-0.0053597,0.0079461,0.0166044
1576,0,0.014467,1.169291,-0.818412,0.9998967,-0.0053839,-0.0019711,0.0131789
1577,0,0.014134,1.169481,-0.818149,0.9996377,-0.0065548,-0.0166343,0.0201212
1578,0,0.013917,1.169888,-0.817318,0.9994686,-0.0067924,-0.0256462,0.0189417
1579,0,0.014236,1.169922,-0.818846,0.9992067,-0.0069481,-0.0325438,0.0218763
1580,0,0.014404,1.169843,-0.820084,0.9992218,-0.0070940,-0.0322775,0.0215315
1581,0,0.015002,1.169919,-0.823355,0.9994481,-0.0071414,-0.0270817,0.0178651
1582,0,0.015153,1.170049,-0.824886,0.9994087,-0.0066683,-0.0286957,0.0177327
1583,0,0.014653,1.170248,-0.827577,0.9906902,-0.0033627,0.1172645,0.0690708
1584,0,0.015010,1.170191,-0.827585,0.9919243,-0.0037162,0.1014875,0.0759784
1585,0,0.015364,1.170175,-0.827230,0.9936301,-0.0052961,0.0785312,0.0806480
1586,0,0.015607,1.170044,-0.826919,0.9946258,-0.0057197,0.0616202,0.0830045
1587,0,0.015655,1.170070,-0.824208,0.9942139,-0.0049155,0.0578587,0.0903712
1588,0,0.015833,1.170030,-0.822418,0.9942941,-0.0050411,0.0398142,0.0988366
1589,0,0.015657,1.170038,-0.820780,0.9923669,-0.0050177,0.0386361,0.1170048
1590,0,0.015546,1.169318,-0.824168,0.9934462,-0.0040617,0.0339393,0.1090702
1591,0,0.015274,1.168941,-0.827585,0.9948404,-0.0032987,0.0380232,0.0940003
1592,0,0.015063,1.168585,-0.828809,0.9951005,-0.0024384,0.0362648,0.0919456
1593,0,0.014822,1.168396,-0.830540,0.9958069,-0.0026184,0.0364934,0.0838452
1594,0,0.014522,1.168371,-0.831672,0.9989844,0.0003217,0.0289714,0.0345077
1595,0,0.014332,1.168459,-0.831344,0.9998868,0.0015500,0.0055175,0.0139150
1596,0,0.011537,1.169196,-0.822953,0.9838352,0.0028778,0.1759352,-0.0332705
1597,0,0.012773,1.170327,-0.821718,0.9976193,0.0040994,-0.0670729,0.0154964
1598,0,0.012924,1.170966,-0.823236,0.9979026,0.0030235,-0.0600590,0.0239631
1599,0,0.013596,1.171246,-0.823134,0.9985172,0.0018569,-0.0450774,0.0304649
1600,0,0.014894,1.171625,-0.825210,0.9988559,-0.0008339,-0.0138688,0.0457596
1601,0,0.015743,1.171363,-0.824883,0.9970022,-0.0046169,0.0306977,0.0708728
1602,0,0.015795,1.170974,-0.822924,0.9954571,-0.0063027,0.0526735,0.0790639
1603,0,0.015893,1.170313,-0.821998,0.9930428,-0.0076321,0.0771489,0.0886326
1604,0,0.015679,1.169377,-0.821847,0.9920326,-0.0070718,0.0994175,0.0770555
1605,0,0.015519,1.168602,-0.822233,0.9982889,-0.0014444,0.0571946,0.0120819
1606,0,0.014945,1.168573,-0.820460,0.9992553,-0.0021228,0.0380395,0.0061148
1607,0,0.014341,1.168795,-0.819238,0.9998288,-0.0034588,0.0136937,0.0119528
1608,0,0.013898,1.168993,-0.819305,0.9998311,-0.0055076,0.0022724,0.0173888
1609,0,0.013600,1.169194,-0.818602,0.9997792,-0.0065681,-0.0078368,0.0183574
1610,0,0.013113,1.169590,-0.817476,0.9994711,-0.0072395,-0.0268968,0.0167837
1611,0,0.013048,1.169590,-0.817727,0.9992612,-0.0076928,-0.0311018,0.0212267
1612,0,0.012968,1.170284,-0.817034,0.9983569,-0.0097822,-0.0463742,0.0322054
1613,0,0.011740,1.170591,-0.819650,0.9829816,-0.0014067,0.1668580,0.0768354
1614,0,0.012288,1.170958,-0.821756,0.9854390,-0.0013115,0.1524376,0.0753066
1615,0,0.012614,1.170848,-0.822217,0.9873694,-0.0019512,0.1404242,0.0733408
1616,0,0.013222,1.170777,-0.824465,0.9898126,-0.0027206,0.1214430,0.0742646
1617,0,0.014115,1.170657,-0.827482,0.9931544,-0.0044044,0.0859280,0.0790020
1618,0,0.014334,1.170738,-0.826562,0.9941701,-0.0036314,0.0802982,0.0718662
1619,0,0.015173,1.170845,-0.826919,0.9944906,-0.0047917,0.0552421,0.0889591
1620,0,0.015592,1.170028,-0.823830,0.9987978,-0.0026141,0.0134753,-0.0470589
1621,0,0.015658,1.170049,-0.821927,0.9979230,-0.0004397,0.0244689,-0.0595893
1622,0,0.015822,1.169592,-0.822600,0.9978305,-0.0006207,0.0158252,-0.0639027
1623,0,0.015843,1.170613,-0.824201,0.9936557,-0.0040001,0.0183101,0.1108918
1624,0,0.015782,1.169795,-0.826803,0.9933890,-0.0034530,0.0245272,0.1120933
1625,0,0.015499,1.169316,-0.826139,0.9927440,-0.0034756,0.0272535,0.1170667
1626,0,0.015297,1.168895,-0.826116,0.9922891,-0.0035714,0.0292525,0.1203903
1627,0,0.014926,1.168494,-0.828493,0.9945638,-0.0026633,0.0309405,0.0993912
1628,0,0.014399,1.168421,-0.830262,0.9968070,-0.0009130,0.0376896,0.0703868
1629,0,0.014281,1.168371,-0.835226,0.9995165,0.0007174,0.0240431,0.0196989
1630,0,0.013632,1.167654,-0.836816,0.9893615,0.0028977,0.1046048,0.1010614
1638,0,0.013899,1.171698,-0.822284,0.9992994,0.0001295,0.0234132,0.0291976
1639,0,0.012627,1.172342,-0.819614,0.9958410,0.0056761,-0.0544038,0.0728618
1643,0,0.016071,1.170363,-0.824769,0.9901233,-0.0085517,0.1058278,0.0915603
1644,0,0.015789,1.169304,-0.825746,0.9875802,-0.0064237,0.1303388,0.0874975
1645,0,0.015626,1.168203,-0.824579,0.9982434,0.0011862,0.0591444,-0.0032771
1646,0,0.014870,1.168344,-0.821700,0.9993699,-0.0014992,0.0344917,0.0082374
1647,0,0.014408,1.168216,-0.821617,0.9997182,-0.0035790,0.0200135,0.0122552
1648,0,0.013875,1.168453,-0.820179,0.9998454,-0.0045468,0.0099410,0.0137706
1649,0,0.013329,1.168767,-0.818683,0.9997951,-0.0055926,-0.0053676,0.0186986
1650,0,0.013223,1.168952,-0.819387,0.9995781,-0.0071445,-0.0107981,0.0260009
1651,0,0.013021,1.169420,-0.817886,0.9992997,-0.0082850,-0.0227563,0.0285246
1652,0,0.013168,1.169572,-0.819206,0.9992629,-0.0089996,-0.0246781,0.0279930
1653,0,0.013380,1.169867,-0.821285,0.9989160,-0.0095211,-0.0293867,0.0348230
1654,0,0.012243,1.170421,-0.823001,0.9835330,-0.0019723,0.1625748,0.0789208
1655,0,0.014009,1.170145,-0.823785,0.9989684,-0.0085509,-0.0336522,0.0292689
1656,0,0.013435,1.170722,-0.825350,0.9883272,-0.0026996,0.1326642,0.0748481
1657,0,0.014318,1.170725,-0.827580,0.9917746,-0.0037155,0.1005184,0.0791539
1658,0,0.015073,1.170855,-0.827012,0.9929879,-0.0057627,0.0684303,0.0962243
1659,0,0.015463,1.170111,-0.825126,0.9987808,-0.0011302,0.0369678,-0.0326947
1660,0,0.015726,1.170115,-0.823773,0.9985009,-0.0009586,0.0354941,-0.0416554
1661,0,0.015754,1.169978,-0.822097,0.9982440,0.0000412,0.0294523,-0.0513942
1662,0,0.015862,1.170696,-0.822609,0.9925143,-0.0059784,0.0412712,0.1147881
1663,0,0.015964,1.170459,-0.822016,0.9914370,-0.0062208,0.0400158,0.1241478
1664,0,0.015844,1.170054,-0.822662,0.9924101,-0.0048842,0.0374433,0.1170313
1665,0,0.015926,1.169751,-0.822836,0.9928218,-0.0042636,0.0423071,0.1117894
1666,0,0.015914,1.169308,-0.825080,0.9953744,-0.0036035,0.0341699,0.0897174
1667,0,0.015554,1.169101,-0.826852,0.9969608,-0.0020288,0.0382130,0.0678594
1668,0,0.015707,1.168880,-0.828297,0.9991978,0.0002941,0.0308585,0.0255255
1669,0,0.014457,1.168683,-0.826602,0.9940946,0.0021094,0.1058815,-0.0236756
1670,0,0.015135,1.169249,-0.824471,0.9997059,0.0010513,-0.0205278,0.0128734
1671,0,0.013910,1.169024,-0.822993,0.9897082,0.0024928,0.1416885,-0.0198950
1672,0,0.014889,1.169560,-0.820443,0.9995493,0.0012625,-0.0236869,0.0184027
1673,0,0.014975,1.169575,-0.820041,0.9996924,0.0003636,-0.0117835,0.0218193
1674,0,0.015188,1.169579,-0.821414,0.9997746,0.0002478,0.0096398,0.0189135
1675,0,0.015562,1.169759,-0.820911,0.9987453,-0.0014478,0.0355922,0.0351979
1676,0,0.015584,1.169547,-0.820808,0.9969107,-0.0027588,0.0628767,0.0469891
1677,0,0.015758,1.169605,-0.820385,0.9975417,-0.0022828,0.0532498,0.0454948
1678,0,0.015421,1.169595,-0.819180,0.9986928,-0.0003466,0.0445382,0.0250792
1679,0,0.015991,1.169601,-0.821662,0.9975922,-0.0021570,0.0622959,0.0304032
1680,0,0.015873,1.169849,-0.820143,0.9983401,-0.0013299,0.0498203,0.0288653
1681,0,0.016369,1.169969,-0.820529,0.9973218,-0.0014772,0.0654147,0.0326805
1682,0,0.016345,1.169829,-0.820234,0.9970943,-0.0011868,0.0701006,0.0297920
1683,0,0.015950,1.170092,-0.818638,0.9981434,-0.0015227,0.0522022,0.0313429
1684,0,0.016655,1.170232,-0.820602,0.9975199,-0.0025891,0.0619130,0.0333803
1685,0,0.016731,1.170359,-0.820658,0.9975192,-0.0007033,0.0647002,0.0277281
1686,0,0.016880,1.170499,-0.821318,0.9970092,-0.0026730,0.0685145,0.0356567
1687,0,0.017589,1.170373,-0.821689,0.9970970,-0.0009841,0.0688403,0.0325216
1688,0,0.016840,1.170240,-0.819901,0.9975249,-0.0010312,0.0629178,0.0313757
1689,0,0.016704,1.170206,-0.819193,0.9972506,-0.0026415,0.0644468,0.0364817
1690,0,0.017651,1.170378,-0.821195,0.9974791,-0.0021262,0.0635684,0.0314652
1691,0,0.017654,1.170320,-0.821114,0.9973131,-0.0025166,0.0644532,0.0347267
1692,0,0.017097,1.170284,-0.820575,0.9975086,-0.0019929,0.0614340,0.0346192
1693,0,0.017184,1.170216,-0.820406,0.9975469,-0.0013475,0.0618083,0.0328360
1694,0,0.017770,1.170310,-0.821329,0.9970358,-0.0019234,0.0668960,0.0379574
1695,0,0.016808,1.170217,-0.819641,0.9975762,-0.0029373,0.0607307,0.0338362
1696,0,0.018265,1.170233,-0.822045,0.9971449,-0.0006951,0.0664335,0.0358928
1697,0,0.017303,1.170219,-0.820844,0.9973421,-0.0031455,0.0626643,0.0370403
1698,0,0.018108,1.170223,-0.820722,0.9974413,-0.0019811,0.0642265,0.0313363
1699,0,0.019964,1.170317,-0.823853,0.9970729,-0.0012191,0.0699594,0.0308183
1700,0,0.019566,1.170110,-0.822918,0.9971744,-0.0029262,0.0668974,0.0340487
1701,0,0.021732,1.170312,-0.825899,0.9973378,-0.0022642,0.0662865,0.0303055
1702,0,0.021500,1.170357,-0.824995,0.9982488,-0.0008690,0.0534381,0.0253570
1703,0,0.020313,1.170491,-0.822520,0.9985303,0.0000297,0.0494582,0.0221634
1704,0,0.020279,1.170748,-0.820985,0.9990164,0.0009629,0.0406521,0.0176830
1705,0,0.022142,1.171333,-0.824614,0.9986182,0.0009372,0.0493687,0.0179895
1706,0,0.022897,1.171852,-0.827053,0.9980597,-0.0005676,0.0580346,0.0225506
1707,0,0.023893,1.171863,-0.831863,0.9959973,-0.0029648,0.0833730,0.0320896
1708,0,0.023820,1.171566,-0.832659,0.9952577,-0.0040436,0.0896237,0.0375950
1709,0,0.023364,1.170691,-0.830847,0.9946505,-0.0048394,0.0920622,0.0465995
1710,0,0.022954,1.170035,-0.829396,0.9960388,-0.0040702,0.0754311,0.0469079
1711,0,0.022356,1.169701,-0.826976,0.9972456,-0.0028718,0.0592896,0.0444716
1712,0,0.020216,1.169830,-0.821790,0.9982191,-0.0018167,0.0428205,0.0414926
1713,0,0.018495,1.170151,-0.818153,0.9986848,-0.0006492,0.0310356,0.0408037
1714,0,0.018431,1.170465,-0.817312,0.9986756,-0.0026893,0.0288715,0.0425011
1715,0,0.019121,1.170636,-0.818398,0.9987491,-0.0023017,0.0280252,0.0413453
1716,0,0.020081,1.170764,-0.820598,0.9986888,-0.0010611,0.0323189,0.0396869
1717,0,0.021149,1.170883,-0.822283,0.9984993,-0.0017475,0.0359872,0.0412437
1718,0,0.022809,1.171141,-0.825583,0.9982369,-0.0013609,0.0434482,0.0404159
1719,0,0.024585,1.171245,-0.828635,0.9978291,-0.0012943,0.0519149,0.0404999
1720,0,0.026155,1.171243,-0.831923,0.9970579,-0.0014429,0.0650020,0.0405990
1721,0,0.026736,1.171266,-0.833457,0.9964855,-0.0015969,0.0739194,0.0393693
1722,0,0.026931,1.171225,-0.833931,0.9957936,-0.0028887,0.0830962,0.0384945
1723,0,0.024798,1.171030,-0.831922,0.9966407,-0.0022079,0.0657030,0.0488419
1727,0,0.025035,1.170090,-0.828663,0.9970478,-0.0018753,0.0713220,0.0283765
1728,0,0.023410,1.169872,-0.825270,0.9977549,-0.0014178,0.0613615,0.0267955
1729,0,0.036235,1.170850,-0.843764,0.9969911,0.0126170,0.0761054,-0.0075882
1734,0,0.024997,1.172422,-0.825356,0.9994482,0.0032139,0.0325997,0.0054930
1735,0,0.024831,1.173071,-0.828044,0.9991571,0.0031288,0.0405143,0.0058304
1736,0,0.024770,1.173304,-0.830999,0.9980634,0.0008963,0.0607357,0.0134115
1737,0,0.024170,1.173102,-0.831783,0.9972134,-0.0007904,0.0719156,0.0198240
1738,0,0.022248,1.172058,-0.830546,0.9953831,-0.0032015,0.0890015,0.0357901
1739,0,0.021990,1.171339,-0.830994,0.9942096,-0.0054176,0.0973923,0.0450855
1740,0,0.021740,1.170535,-0.830449,0.9950077,-0.0039709,0.0878420,0.0471985
1741,0,0.021982,1.170262,-0.830784,0.9947943,-0.0034072,0.0900355,0.0476054
1742,0,0.020530,1.169396,-0.825894,0.9969469,-0.0028226,0.0648627,0.0433782
1743,0,0.020669,1.169288,-0.825836,0.9969409,-0.0030783,0.0629051,0.0462857
1744,0,0.018588,1.169421,-0.819396,0.9981235,-0.0034869,0.0410787,0.0452743
1745,0,0.018663,1.169710,-0.818831,0.9982673,-0.0037390,0.0394945,0.0434590
1746,0,0.018280,1.169914,-0.817486,0.9985783,-0.0019400,0.0329385,0.0418669
1747,0,0.020093,1.170427,-0.820883,0.9983255,-0.0025385,0.0379971,0.0435428
1748,0,0.020612,1.170571,-0.821589,0.9985183,-0.0017691,0.0354619,0.0412392
1749,0,0.022171,1.170709,-0.824676,0.9981623,-0.0020432,0.0432851,0.0423595
1750,0,0.022959,1.170756,-0.826789,0.9976616,-0.0016273,0.0541140,0.0417185
1751,0,0.023095,1.170896,-0.827215,0.9976506,-0.0012358,0.0553259,0.0403829
1752,0,0.024151,1.170936,-0.829415,0.9973261,-0.0014659,0.0614562,0.0395179
1753,0,0.023812,1.170958,-0.829056,0.9972610,-0.0006637,0.0634796,0.0379531
1754,0,0.024861,1.170768,-0.831386,0.9964239,-0.0018261,0.0746809,0.0394820
1755,0,0.024898,1.170747,-0.831650,0.9960093,-0.0031418,0.0799079,0.0396266
1756,0,0.026160,1.170677,-0.833579,0.9955801,-0.0039601,0.0855894,0.0384598
1757,0,0.025229,1.170486,-0.832018,0.9955841,-0.0047042,0.0844034,0.0408206
1758,0,0.025454,1.170166,-0.832055,0.9957396,-0.0045127,0.0844736,0.0366939
1759,0,0.025490,1.170020,-0.831503,0.9958711,-0.0049066,0.0822904,0.0380119
1760,0,0.024661,1.169839,-0.829909,0.9962689,-0.0042406,0.0785058,0.0355981
1761,0,0.023911,1.169554,-0.827896,0.9970639,-0.0026479,0.0693392,0.0323837
1762,0,0.023164,1.169349,-0.825812,0.9977457,-0.0019291,0.0604505,0.0290776
1763,0,0.022367,1.169250,-0.823686,0.9983939,0.0003654,0.0516059,0.0233732
1771,0,0.024599,1.172135,-0.828680,0.9988168,0.0014687,0.0474876,0.0103851
1772,0,0.023406,1.172215,-0.829749,0.9976271,-0.0014160,0.0651985,0.0220753
1773,0,0.022111,1.171906,-0.829202,0.9964012,-0.0032616,0.0781765,0.0325947
1774,0,0.021443,1.171414,-0.829718,0.9945653,-0.0053760,0.0940975,0.0442341
1775,0,0.022148,1.170672,-0.831156,0.9937472,-0.0068420,0.0969248,0.0550039
1776,0,0.021829,1.169576,-0.830212,0.9951890,-0.0050480,0.0850635,0.0483491
1777,0,0.021014,1.168862,-0.827349,0.9966782,-0.0036345,0.0681122,0.0444977
1778,0,0.019499,1.168990,-0.822036,0.9979368,-0.0022553,0.0458983,0.0448382
1779,0,0.019035,1.169005,-0.820382,0.9982187,-0.0029350,0.0411792,0.0430701
1780,0,0.018082,1.169381,-0.817477,0.9986165,-0.0018199,0.0294233,0.0435446
1781,0,0.018793,1.169532,-0.818526,0.9987735,-0.0013826,0.0259534,0.0421422
1782,0,0.019536,1.169869,-0.819659,0.9987699,-0.0018194,0.0266058,0.0418017
1783,0,0.021057,1.169920,-0.822632,0.9984098,-0.0023648,0.0348798,0.0442233
1784,0,0.022854,1.170131,-0.826302,0.9980842,-0.0013046,0.0458073,0.0415687
1785,0,0.024034,1.170359,-0.829010,0.9974499,-0.0014188,0.0579804,0.0415938
1786,0,0.024370,1.170326,-0.830188,0.9969279,-0.0015470,0.0668197,0.0408370
1787,0,0.025447,1.170356,-0.832455,0.9963556,-0.0022668,0.0751641,0.0402598
1788,0,0.024329,1.170271,-0.831016,0.9960712,-0.0035798,0.0784363,0.0409541
1789,0,0.025082,1.170217,-0.832187,0.9958441,-0.0038838,0.0812582,0.0409460
1790,0,0.024610,1.170091,-0.831585,0.9958140,-0.0036943,0.0825518,0.0390659
1791,0,0.025347,1.169972,-0.832356,0.9953306,-0.0047969,0.0880423,0.0392741
1792,0,0.024703,1.169817,-0.830950,0.9961947,-0.0044363,0.0792491,0.0360005
1793,0,0.023995,1.169459,-0.828902,0.9969466,-0.0031278,0.0706334,0.0331442
1794,0,0.023712,1.169487,-0.828149,0.9972062,-0.0034008,0.0674116,0.0320013
1795,0,0.023199,1.169252,-0.825480,0.9983479,-0.0010971,0.0516285,0.0251922
1796,0,0.022229,1.169329,-0.823018,0.9989647,0.0008396,0.0418825,0.0177411
1797,0,0.022564,1.169566,-0.823200,0.9991582,0.0028205,0.0382747,0.0144936
1798,0,0.022141,1.169657,-0.822175,0.9994100,0.0021719,0.0319935,0.0122989
1799,0,0.023469,1.170426,-0.824227,0.9994367,0.0030006,0.0320094,0.0096249
1800,0,0.023824,1.170792,-0.825259,0.9994144,0.0028891,0.0331196,0.0080954
1801,0,0.024174,1.171645,-0.828228,0.9988106,0.0013484,0.0473496,0.0115510
1802,0,0.023785,1.171776,-0.829560,0.9980434,-0.0012509,0.0586987,0.0215006
1803,0,0.023538,1.171814,-0.831610,0.9963802,-0.0031233,0.0785621,0.0323223
1804,0,0.022410,1.171331,-0.830790,0.9950689,-0.0053809,0.0896706,0.0420490
1805,0,0.022251,1.170637,-0.831749,0.9934161,-0.0074022,0.1026248,0.0503755
1806,0,0.022377,1.169791,-0.831588,0.9949067,-0.0048057,0.0897543,0.0456255
1807,0,0.023022,1.169219,-0.832618,0.9944248,-0.0054079,0.0934276,0.0485944
1808,0,0.022074,1.168597,-0.829538,0.9960552,-0.0050345,0.0743643,0.0481508
1809,0,0.020630,1.168265,-0.825221,0.9973038,-0.0033479,0.0588986,0.0436457
1810,0,0.019011,1.168744,-0.819836,0.9982507,-0.0024433,0.0410348,0.0424934
1811,0,0.018502,1.168967,-0.818581,0.9982945,-0.0026172,0.0365175,0.0454730
1812,0,0.019141,1.169554,-0.819124,0.9984452,-0.0030580,0.0334313,0.0444989
1813,0,0.020002,1.169896,-0.820969,0.9984356,-0.0017628,0.0373836,0.0415424
1814,0,0.020539,1.169990,-0.822072,0.9984463,-0.0014127,0.0390757,0.0397003
1815,0,0.022525,1.170205,-0.825733,0.9980454,-0.0017164,0.0477478,0.0402816
1816,0,0.023709,1.170401,-0.828431,0.9975862,-0.0020403,0.0560237,0.0409754
1817,0,0.024373,1.170364,-0.829950,0.9971762,-0.0012559,0.0647938,0.0379448
1818,0,0.024373,1.170388,-0.830716,0.9965481,-0.0020224,0.0729879,0.0395049
1819,0,0.024181,1.170324,-0.830611,0.9966310,-0.0020457,0.0728513,0.0376173
1820,0,0.024512,1.170227,-0.831340,0.9961032,-0.0033358,0.0790228,0.0390226
1821,0,0.023976,1.170102,-0.830685,0.9962352,-0.0032272,0.0780306,0.0376339
1822,0,0.024159,1.170090,-0.831043,0.9959192,-0.0036234,0.0820234,0.0374710
1823,0,0.024262,1.169967,-0.831079,0.9959130,-0.0037098,0.0826351,0.0362629
1824,0,0.024406,1.169948,-0.831167,0.9958113,-0.0045167,0.0827538,0.0386176
1825,0,0.024184,1.169816,-0.830504,0.9962474,-0.0045746,0.0783595,0.0364691
1826,0,0.022904,1.169374,-0.827566,0.9971744,-0.0027461,0.0675522,0.0327461
1827,0,0.022724,1.169182,-0.826237,0.9977377,-0.0024669,0.0603141,0.0295915
1828,0,0.022851,1.169153,-0.825651,0.9983090,-0.0007674,0.0525049,0.0249385
1829,0,0.022257,1.169106,-0.823706,0.9988449,0.0006750,0.0440129,0.0192677
1830,0,0.022777,1.169284,-0.823707,0.9993021,0.0023220,0.0351604,0.0123954
1831,0,0.022644,1.169442,-0.822880,0.9994304,0.0033871,0.0318189,0.0107244
1832,0,0.023128,1.169946,-0.823224,0.9996031,0.0042241,0.0274598,0.0046728
1833,0,0.024055,1.170509,-0.824702,0.9996451,0.0038909,0.0260134,0.0042150
1834,0,0.024777,1.171018,-0.826424,0.9996151,0.0040748,0.0274346,0.0006312
1835,0,0.024848,1.171586,-0.828484,0.9994168,0.0031002,0.0338415,0.0033554
1836,0,0.024482,1.171801,-0.830628,0.9987156,0.0017065,0.0499965,0.0080355
1837,0,0.023703,1.171678,-0.831991,0.9973466,-0.0013112,0.0701291,0.0194916
1838,0,0.022183,1.170593,-0.831518,0.9927079,-0.0072073,0.1085622,0.0518974
1839,0,0.021518,1.169607,-0.830479,0.9937609,-0.0063012,0.0961565,0.0561562
1840,0,0.022524,1.168788,-0.832171,0.9936025,-0.0060805,0.0984585,0.0549835
1841,0,0.021391,1.168082,-0.826915,0.9964293,-0.0048267,0.0670503,0.0510859
1842,0,0.020081,1.168208,-0.822886,0.9976091,-0.0024510,0.0516669,0.0458338
1843,0,0.019345,1.169074,-0.819960,0.9981977,-0.0023012,0.0420558,0.0427480
1844,0,0.019503,1.169943,-0.820188,0.9984087,-0.0031922,0.0363730,0.0429764
1845,0,0.022991,1.170184,-0.827879,0.9974506,-0.0016809,0.0561164,0.0440497
1846,0,0.024583,1.170392,-0.831926,0.9969006,-0.0021483,0.0645716,0.0448912
1847,0,0.024842,1.170219,-0.833006,0.9965165,-0.0019588,0.0697156,0.0457255
1848,0,0.023278,1.170020,-0.830606,0.9966555,-0.0022506,0.0683516,0.0447300
1849,0,0.021377,1.169742,-0.827725,0.9966165,-0.0028135,0.0698496,0.0432274
1850,0,0.019604,1.169513,-0.825005,0.9965338,-0.0023714,0.0730529,0.0397264
1851,0,0.017611,1.169463,-0.821021,0.9971992,-0.0019745,0.0649004,0.0371188
1852,0,0.018288,1.169416,-0.823180,0.9967152,-0.0022715,0.0737130,0.0334665
1853,0,0.017270,1.169340,-0.821098,0.9974887,-0.0005170,0.0650794,0.0279411
1854,0,0.017080,1.169113,-0.820858,0.9973313,-0.0014471,0.0626409,0.0374733
1855,0,0.016664,1.169104,-0.819719,0.9981343,-0.0015323,0.0539989,0.0284547
1856,0,0.016190,1.169287,-0.819724,0.9979203,-0.0035186,0.0543162,0.0345327
1857,0,0.015714,1.169319,-0.818726,0.9976515,-0.0013696,0.0583014,0.0359250
1858,0,0.016050,1.169088,-0.819518,0.9976000,-0.0048933,0.0517620,0.0457290
1859,0,0.015680,1.168982,-0.818797,0.9985806,-0.0040637,0.0386980,0.0363703
1860,0,0.015544,1.168639,-0.819666,0.9983464,-0.0005783,0.0570367,0.0071394
1861,0,0.015526,1.168566,-0.819445,0.9989926,-0.0016341,0.0442824,0.0070904
1862,0,0.014759,1.169042,-0.818909,0.9942396,-0.0032446,0.0917404,0.0553248
1863,0,0.015112,1.168752,-0.820306,0.9970800,-0.0031808,0.0664700,0.0374566
1864,0,0.014721,1.168908,-0.819154,0.9957968,-0.0034254,0.0719641,0.0565521
1865,0,0.014563,1.168843,-0.819208,0.9963935,-0.0026512,0.0734167,0.0424616
1866,0,0.014183,1.168784,-0.820488,0.9974459,-0.0032655,0.0602195,0.0382715
1867,0,0.014223,1.168745,-0.819457,0.9968206,-0.0016311,0.0696743,0.0386199
1868,0,0.014025,1.168843,-0.818372,0.9971170,-0.0029308,0.0683914,0.0327382
1869,0,0.014001,1.169019,-0.819205,0.9970587,-0.0023565,0.0639344,0.0421979
1870,0,0.013715,1.168990,-0.819085,0.9969559,-0.0024198,0.0707720,0.0326234
1871,0,0.013615,1.169031,-0.819085,0.9968858,-0.0020165,0.0696451,0.0369367
1872,0,0.013644,1.169210,-0.818202,0.9971666,-0.0028268,0.0660587,0.0358765
1873,0,0.013785,1.169245,-0.817901,0.9970265,-0.0030591,0.0675581,0.0369414
1874,0,0.013557,1.169109,-0.818270,0.9970577,-0.0011105,0.0692043,0.0329446
1875,0,0.013614,1.169490,-0.817168,0.9971092,-0.0024101,0.0692611,0.0311495
1876,0,0.013311,1.169193,-0.818391,0.9972429,-0.0019619,0.0671428,0.0315374
1877,0,0.012683,1.169394,-0.820452,0.9975187,-0.0009230,0.0612190,0.0347541
1878,0,0.012534,1.169357,-0.820627,0.9973588,-0.0011876,0.0642510,0.0338499
1879,0,0.012047,1.169337,-0.822710,0.9976209,-0.0014266,0.0612451,0.0316172
1880,0,0.012001,1.169306,-0.821575,0.9974488,-0.0021783,0.0640768,0.0313901
1881,0,0.012656,1.169512,-0.818563,0.9972875,-0.0023119,0.0683280,0.0272694
1882,0,0.012760,1.169556,-0.818752,0.9971032,-0.0017892,0.0692275,0.0314602
1883,0,0.013017,1.169859,-0.817752,0.9971184,-0.0015776,0.0691633,0.0311270
1884,0,0.012117,1.169589,-0.819881,0.9975333,-0.0023350,0.0640561,0.0286124
1885,0,0.012770,1.169539,-0.817848,0.9971038,-0.0032301,0.0686164,0.0326396
1886,0,0.012870,1.169624,-0.818436,0.9973534,-0.0012880,0.0655825,0.0313594
1887,0,0.012808,1.169684,-0.818943,0.9974102,-0.0015156,0.0640893,0.0326051
1888,0,0.012323,1.169734,-0.819906,0.9973873,-0.0017922,0.0642254,0.0330227
1889,0,0.012009,1.169679,-0.820159,0.9974155,-0.0026902,0.0623008,0.0356876
1890,0,0.012176,1.169686,-0.820029,0.9970851,-0.0020696,0.0667885,0.0368284
1891,0,0.012144,1.169399,-0.819730,0.9970672,-0.0013533,0.0669543,0.0370454
1892,0,0.012297,1.169182,-0.818423,0.9968011,-0.0018224,0.0695776,0.0392828
1893,0,0.012446,1.169230,-0.817672,0.9965345,-0.0009414,0.0723096,0.0411042
1894,0,0.012584,1.169358,-0.816840,0.9964404,-0.0016637,0.0733559,0.0415069
1895,0,0.012105,1.169505,-0.817376,0.9961936,-0.0030875,0.0781074,0.0385753
1896,0,0.011678,1.169852,-0.817913,0.9960458,-0.0011583,0.0785692,0.0414519
1897,0,0.009526,1.170097,-0.822587,0.9962870,-0.0032695,0.0766247,0.0391187
1898,0,0.006912,1.170207,-0.828300,0.9966310,-0.0031985,0.0714662,0.0401140
1899,0,0.006731,1.170119,-0.829384,0.9967145,-0.0030808,0.0703967,0.0399385
1900,0,0.006030,1.169979,-0.832359,0.9974121,-0.0026621,0.0595026,0.0402662
1901,0,0.005809,1.169871,-0.832737,0.9975903,-0.0018008,0.0576475,0.0385631
1902,0,0.006666,1.169667,-0.830941,0.9978979,-0.0004356,0.0536692,0.0363201
1903,0,0.007165,1.169394,-0.829184,0.9977395,0.0005158,0.0574215,0.0349060
1904,0,0.007929,1.169059,-0.826206,0.9974012,-0.0000332,0.0654335,0.0301521
1905,0,0.007413,1.168943,-0.825684,0.9971294,-0.0005200,0.0704468,0.0277455
1906,0,0.007178,1.168881,-0.825351,0.9968188,-0.0001817,0.0751078,0.0266652
1907,0,0.007080,1.169038,-0.822852,0.9958265,-0.0016751,0.0890072,0.0201114
1908,0,0.007651,1.169269,-0.820873,0.9956377,-0.0018544,0.0913355,0.0189704
1909,0,0.007788,1.170053,-0.820229,0.9955869,-0.0024945,0.0926584,0.0146608
1910,0,0.007898,1.170864,-0.821626,0.9960031,-0.0032577,0.0884144,0.0122542
1911,0,0.008354,1.171370,-0.823746,0.9967461,-0.0031323,0.0792142,0.0145784
1912,0,0.009276,1.171320,-0.824199,0.9971646,-0.0027256,0.0733675,0.0165115
1913,0,0.010325,1.171147,-0.824495,0.9978237,-0.0032236,0.0626314,0.0203672
1914,0,0.011393,1.170733,-0.823482,0.9980479,-0.0022567,0.0558188,0.0279191
1915,0,0.012110,1.170228,-0.822266,0.9978009,-0.0022934,0.0579737,0.0320486
1916,0,0.012143,1.169821,-0.822174,0.9977018,-0.0016390,0.0568018,0.0369042
1917,0,0.012326,1.169148,-0.821126,0.9973478,-0.0013627,0.0609244,0.0397945
1918,0,0.012041,1.168760,-0.821752,0.9974832,-0.0011499,0.0573204,0.0417173
1919,0,0.012310,1.168395,-0.820106,0.9972370,-0.0006304,0.0609083,0.0425213
1920,0,0.013085,1.168684,-0.816061,0.9965830,-0.0011945,0.0712006,0.0418498
1921,0,0.012878,1.169205,-0.815531,0.9963721,-0.0016385,0.0739389,0.0421068
1922,0,0.012891,1.169538,-0.814428,0.9959900,-0.0016550,0.0783683,0.0431238
1923,0,0.012056,1.169790,-0.815235,0.9960375,-0.0013914,0.0784469,0.0418742
1924,0,0.011647,1.169934,-0.815618,0.9961085,-0.0026938,0.0778149,0.0412977
1925,0,0.011835,1.170122,-0.814544,0.9957666,-0.0017197,0.0812289,0.0429856
1926,0,0.010520,1.170513,-0.817101,0.9960933,-0.0018026,0.0777473,0.0418350
1927,0,0.009791,1.170720,-0.819666,0.9964944,-0.0020555,0.0726777,0.0413848
1928,0,0.008327,1.170913,-0.824416,0.9970545,-0.0039633,0.0662422,0.0384536
1929,0,0.008348,1.170877,-0.824610,0.9970355,-0.0025544,0.0662570,0.0390353
1930,0,0.007895,1.171005,-0.827195,0.9974135,-0.0028697,0.0603605,0.0389198
1931,0,0.007674,1.170863,-0.828203,0.9975206,-0.0016787,0.0594598,0.0376087
1932,0,0.007623,1.170582,-0.828946,0.9977577,-0.0022184,0.0554390,0.0374329
1933,0,0.008591,1.170234,-0.827945,0.9977828,-0.0015851,0.0554345,0.0367980
1934,0,0.009030,1.170136,-0.827087,0.9976440,-0.0007897,0.0582927,0.0361633
1935,0,0.009545,1.169864,-0.825980,0.9976633,-0.0009174,0.0603719,0.0319734
1936,0,0.008985,1.169674,-0.825986,0.9975453,-0.0000660,0.0625813,0.0314152
1937,0,0.009185,1.169504,-0.824869,0.9973368,-0.0000621,0.0666538,0.0296081
1938,0,0.008685,1.169463,-0.824719,0.9972010,-0.0010051,0.0697612,0.0268785
1939,0,0.008265,1.169383,-0.824460,0.9967555,-0.0006853,0.0760823,0.0262593
1940,0,0.008055,1.169291,-0.824030,0.9962975,-0.0015346,0.0827853,0.0231422
1941,0,0.008288,1.169234,-0.822918,0.9961381,-0.0022662,0.0844464,0.0239279
1942,0,0.008575,1.169357,-0.821977,0.9962747,-0.0011365,0.0830299,0.0232735
1943,0,0.010107,1.169609,-0.818560,0.9959537,-0.0021868,0.0875866,0.0200039
1944,0,0.009835,1.169967,-0.819543,0.9962062,-0.0016990,0.0846194,0.0202441
1945,0,0.009234,1.170910,-0.822189,0.9967116,-0.0022532,0.0787168,0.0190952
1946,0,0.009451,1.171136,-0.822500,0.9968570,-0.0023026,0.0765944,0.0201040
1947,0,0.009498,1.171278,-0.825162,0.9976120,-0.0020098,0.0651571,0.0228215
1948,0,0.010139,1.171062,-0.824325,0.9977435,-0.0018977,0.0622834,0.0249985
1949,0,0.011594,1.170288,-0.822538,0.9979627,-0.0019928,0.0552957,0.0317616
1950,0,0.012696,1.169809,-0.819978,0.9974513,-0.0010953,0.0597505,0.0389829
1951,0,0.012990,1.169618,-0.818653,0.9972662,-0.0018572,0.0630932,0.0384185
1952,0,0.012798,1.169389,-0.818525,0.9969619,-0.0012987,0.0665023,0.0405310
1953,0,0.012577,1.169326,-0.818187,0.9967095,-0.0015298,0.0690461,0.0424316
1954,0,0.012505,1.169329,-0.817758,0.9965194,-0.0018324,0.0717448,0.0424083
1955,0,0.012729,1.169387,-0.816622,0.9967286,-0.0020068,0.0706018,0.0392876
1956,0,0.012957,1.169329,-0.816329,0.9968662,-0.0023613,0.0685677,0.0393791
1957,0,0.013225,1.169225,-0.817242,0.9974651,-0.0019695,0.0656694,0.0273335
1958,0,0.014180,1.169328,-0.816736,0.9969094,-0.0020534,0.0743948,0.0251559
1959,0,0.014579,1.169497,-0.817082,0.9965055,-0.0009543,0.0793735,0.0259950
1960,0,0.013994,1.169806,-0.819540,0.9964038,-0.0025865,0.0816625,0.0224525
1961,0,0.013065,1.169984,-0.822165,0.9969726,-0.0019146,0.0735077,0.0252720
1962,0,0.012957,1.170207,-0.822221,0.9971038,-0.0019953,0.0713566,0.0262360
1963,0,0.010715,1.170385,-0.827904,0.9982397,-0.0018460,0.0504769,0.0310844
1964,0,0.009270,1.170361,-0.831995,0.9985648,-0.0014625,0.0380483,0.0376635
1965,0,0.009062,1.170182,-0.832609,0.9984330,-0.0012656,0.0369573,0.0420010
1966,0,0.008728,1.170002,-0.833718,0.9985570,-0.0002511,0.0356915,0.0401235
1967,0,0.008905,1.169658,-0.834188,0.9983253,-0.0004539,0.0380717,0.0435545
1968,0,0.010950,1.169374,-0.828349,0.9975732,-0.0008569,0.0539645,0.0439871
1969,0,0.012427,1.169133,-0.824986,0.9969891,-0.0018095,0.0655922,0.0413162
1970,0,0.013963,1.169137,-0.822326,0.9958916,-0.0041600,0.0818162,0.0385829
1971,0,0.015408,1.169264,-0.820435,0.9945563,-0.0055733,0.0957354,0.0407603
1972,0,0.016295,1.169418,-0.818860,0.9942440,-0.0059126,0.0990851,0.0403252
1973,0,0.017309,1.170302,-0.816085,0.9935331,-0.0048694,0.1049024,0.0431724
1974,0,0.015330,1.171328,-0.818524,0.9946827,-0.0026538,0.0931406,0.0438638
1975,0,0.013829,1.171376,-0.819716,0.9956612,-0.0014681,0.0813450,0.0451616
1976,0,0.011192,1.170818,-0.823111,0.9968807,-0.0005512,0.0662753,0.0428503
1977,0,0.010117,1.170120,-0.824406,0.9974573,0.0000546,0.0598880,0.0386310
1978,0,0.010418,1.169271,-0.824439,0.9975011,-0.0007669,0.0629176,0.0321318
1979,0,0.011774,1.168968,-0.822412,0.9972352,-0.0010032,0.0690617,0.0274115
1980,0,0.014701,1.168687,-0.819017,0.9963398,-0.0021923,0.0827449,0.0213444
1981,0,0.015061,1.168685,-0.819050,0.9961266,-0.0014232,0.0851675,0.0218256
1982,0,0.015656,1.168781,-0.818354,0.9959533,-0.0012443,0.0872531,0.0215049
1983,0,0.016317,1.169153,-0.817504,0.9956991,-0.0021706,0.0899892,0.0219201
1984,0,0.016734,1.169641,-0.816860,0.9954389,-0.0017151,0.0927232,0.0223798
1985,0,0.014862,1.170267,-0.822662,0.9960241,-0.0015178,0.0864463,0.0214639
1986,0,0.012794,1.170606,-0.827957,0.9969007,-0.0022705,0.0758705,0.0206732
1987,0,0.011824,1.170751,-0.830310,0.9973778,-0.0019810,0.0685690,0.0230664
1988,0,0.009856,1.170802,-0.835122,0.9983020,-0.0008127,0.0503349,0.0293073
1989,0,0.009312,1.170718,-0.835754,0.9986106,-0.0001347,0.0398231,0.0345103
1994,0,0.012107,1.168489,-0.828702,0.9971366,-0.0011921,0.0590059,0.0472812
1995,0,0.013111,1.168531,-0.826654,0.9966021,-0.0020615,0.0703328,0.0428181
1996,0,0.014356,1.168679,-0.824594,0.9958297,-0.0035959,0.0814462,0.0409493
1997,0,0.006928,1.169189,-0.858291,0.9429001,-0.0174463,-0.3252842,-0.0694645
1999,0,0.017032,1.170791,-0.817294,0.9940154,-0.0052512,0.1011703,0.0408706
2000,0,0.015663,1.171751,-0.819804,0.9946435,-0.0042475,0.0938891,0.0430238
2001,0,0.013470,1.172060,-0.822390,0.9956813,-0.0019796,0.0804247,0.0463321
2002,0,0.011395,1.171792,-0.824755,0.9966590,-0.0008111,0.0683294,0.0447348
2003,0,0.010187,1.171063,-0.826137,0.9972142,0.0000392,0.0603325,0.0438618
2004,0,0.009697,1.170501,-0.826766,0.9974465,-0.0001350,0.0585910,0.0408359
2005,0,0.009333,1.169615,-0.826662,0.9977537,-0.0012012,0.0556363,0.0372914
2006,0,0.009759,1.169369,-0.826160,0.9979814,-0.0014056,0.0525381,0.0356493
2007,0,0.010424,1.168719,-0.825083,0.9976860,-0.0012263,0.0602995,0.0313864
2008,0,0.013516,1.168601,-0.819756,0.9968328,-0.0014478,0.0750813,0.0261747
2009,0,0.014569,1.168823,-0.818381,0.9965356,-0.0015846,0.0790092,0.0259191
2010,0,0.015179,1.169083,-0.817799,0.9963748,-0.0005935,0.0811868,0.0254092
2011,0,0.015505,1.169295,-0.817681,0.9961661,-0.0013715,0.0839064,0.0247191
2012,0,0.015096,1.169966,-0.820271,0.9961205,-0.0020438,0.0848976,0.0230696
2013,0,0.014680,1.170344,-0.821153,0.9961622,-0.0024499,0.0846690,0.0220456
2014,0,0.013872,1.170474,-0.823254,0.9965721,-0.0021640,0.0794824,0.0228456
2015,0,0.012878,1.170720,-0.825994,0.9972556,-0.0018822,0.0699049,0.0243128
2016,0,0.011768,1.170689,-0.829015,0.9978002,-0.0008503,0.0596258,0.0289611
2017,0,0.010263,1.170767,-0.833394,0.9984449,-0.0018192,0.0467008,0.0303888
2018,0,0.009522,1.170644,-0.834854,0.9986261,-0.0006906,0.0369194,0.0371828
2019,0,0.009051,1.170426,-0.836256,0.9985500,0.0006542,0.0269065,0.0466217
2020,0,0.009348,1.169994,-0.835638,0.9982694,0.0016047,0.0276307,0.0518861
2021,0,0.010145,1.169679,-0.832878,0.9980392,0.0006653,0.0369917,0.0504876
2022,0,0.011088,1.169358,-0.829595,0.9977234,-0.0004229,0.0486246,0.0467285
2023,0,0.011858,1.169208,-0.828439,0.9973382,-0.0014069,0.0577028,0.0445537
2024,0,0.012946,1.168964,-0.825775,0.9967712,-0.0020490,0.0692687,0.0405568
2025,0,0.013766,1.169058,-0.824400,0.9960445,-0.0035706,0.0794322,0.0396627
2026,0,0.015421,1.169169,-0.819952,0.9949206,-0.0050897,0.0938343,0.0360885
2027,0,0.015558,1.169338,-0.819828,0.9947518,-0.0046908,0.0948606,0.0380561
2028,0,0.016190,1.170321,-0.818378,0.9940687,-0.0065798,0.1014831,0.0385382
2029,0,0.016504,1.170432,-0.817439,0.9938854,-0.0058773,0.1027691,0.0399473
2030,0,0.014433,1.171983,-0.821428,0.9948493,-0.0044018,0.0916970,0.0429780
2031,0,0.012684,1.172051,-0.823801,0.9958694,-0.0032059,0.0792106,0.0442665
2032,0,0.011543,1.171822,-0.825432,0.9964129,-0.0012650,0.0707365,0.0464343
2033,0,0.009880,1.170889,-0.826580,0.9971238,-0.0011421,0.0621081,0.0434222
2034,0,0.009634,1.170256,-0.826502,0.9974049,-0.0004634,0.0589069,0.0413923
2035,0,0.010778,1.168883,-0.824320,0.9978131,-0.0015059,0.0590847,0.0295928
2036,0,0.012355,1.168693,-0.821788,0.9970225,-0.0015162,0.0725451,0.0260969
2037,0,0.013661,1.168822,-0.819927,0.9967259,-0.0020987,0.0768190,0.0251388
2038,0,0.014156,1.168902,-0.819787,0.9966651,-0.0023070,0.0784744,0.0222518
2039,0,0.014812,1.169354,-0.818814,0.9963751,-0.0024955,0.0822450,0.0215911
2040,0,0.014873,1.169939,-0.819506,0.9961562,-0.0018498,0.0844815,0.0230705
2041,0,0.014704,1.170249,-0.820590,0.9960593,-0.0012794,0.0853787,0.0239741
2042,0,0.013677,1.170449,-0.823781,0.9966576,-0.0014741,0.0790237,0.0206588
2043,0,0.013437,1.170544,-0.824366,0.9967619,-0.0018223,0.0770631,0.0228842
2044,0,0.011659,1.170722,-0.829034,0.9978048,-0.0017951,0.0601754,0.0275919
2045,0,0.010310,1.170613,-0.832954,0.9985455,-0.0010864,0.0430984,0.0323757
2046,0,0.009739,1.170569,-0.833832,0.9985892,-0.0005091,0.0358218,0.0391944
2047,0,0.009512,1.170528,-0.834759,0.9986231,0.0000149,0.0303489,0.0427897
2048,0,0.008492,1.170045,-0.838894,0.9983194,0.0014494,0.0202154,0.0542909
2049,0,0.009078,1.169511,-0.837536,0.9981326,0.0015864,0.0271010,0.0547213
2050,0,0.009937,1.169075,-0.835964,0.9979714,-0.0000682,0.0396359,0.0498200
2051,0,0.011621,1.168685,-0.831504,0.9973311,-0.0014029,0.0568057,0.0458464
2052,0,0.013387,1.168592,-0.827726,0.9961992,-0.0029903,0.0766232,0.0413171
2053,0,0.014096,1.168614,-0.825992,0.9957588,-0.0034643,0.0820461,0.0414843
2054,0,0.016155,1.169374,-0.820554,0.9940478,-0.0059295,0.1013032,0.0396415
2055,0,0.014759,1.169430,-0.827615,0.9953538,-0.0106672,0.0911095,0.0292581
2056,0,0.017074,1.170177,-0.818923,0.9935291,-0.0065445,0.1061596,0.0398390
2057,0,0.017125,1.171069,-0.818398,0.9932354,-0.0055662,0.1079116,0.0425154
2058,0,0.016230,1.171721,-0.819421,0.9938625,-0.0038924,0.0998626,0.0474306
2059,0,0.014795,1.171919,-0.821547,0.9946049,-0.0029629,0.0908336,0.0500152
2060,0,0.013201,1.171475,-0.824097,0.9960107,-0.0006951,0.0731125,0.0511541
2061,0,0.011951,1.170509,-0.826976,0.9968274,0.0002575,0.0603851,0.0518532
2062,0,0.011588,1.168781,-0.828330,0.9978142,0.0002059,0.0495157,0.0437599
2063,0,0.012327,1.168099,-0.826296,0.9978749,-0.0005117,0.0532365,0.0375683
2064,0,0.013661,1.167848,-0.822690,0.9976316,-0.0009930,0.0613751,0.0310364
2065,0,0.015395,1.168718,-0.817803,0.9963417,0.0000057,0.0811077,0.0269222
2066,0,0.015666,1.169005,-0.818170,0.9960762,0.0001392,0.0847376,0.0255278
2067,0,0.016300,1.169117,-0.818466,0.9952556,0.0002666,0.0943519,0.0237491
2068,0,0.016571,1.169323,-0.817259,0.9945646,0.0007198,0.1006836,0.0265245
2069,0,0.016885,1.169697,-0.816917,0.9928406,0.0021707,0.1161946,0.0275994
2070,0,0.016975,1.169647,-0.819209,0.9927585,0.0021068,0.1164339,0.0294860
2071,0,0.017292,1.169704,-0.822020,0.9929544,0.0025136,0.1152185,0.0275682
2072,0,0.017527,1.169748,-0.824579,0.9941075,0.0024412,0.1067983,0.0183988
2073,0,0.018015,1.169943,-0.827034,0.9950833,0.0024640,0.0988062,0.0063623
2074,0,0.017592,1.169992,-0.826432,0.9948348,0.0071460,0.0838849,-0.0567088
2075,0,0.016556,1.171433,-0.823600,0.9825979,-0.0109568,0.0846175,0.1649887
2076,0,0.015856,1.170773,-0.821850,0.9807652,-0.0134078,0.0955447,0.1696790
2077,0,0.015363,1.169885,-0.819969,0.9806000,-0.0151448,0.1023431,0.1664938
2078,0,0.016165,1.168908,-0.823058,0.9845868,-0.0132428,0.1048369,0.1393657
2079,0,0.017141,1.168318,-0.826370,0.9873149,-0.0113107,0.1097321,0.1141940
2080,0,0.019427,1.167982,-0.829656,0.9980459,-0.0001098,0.0622943,-0.0048742
2081,0,0.019460,1.168441,-0.824250,0.9999635,-0.0009831,-0.0005038,-0.0084675
2082,0,0.019743,1.169073,-0.820514,0.9988857,-0.0004696,-0.0433175,-0.0187297
2083,0,0.020025,1.169986,-0.820460,0.9981454,-0.0014575,-0.0567019,-0.0221021
2084,0,0.020021,1.170622,-0.823107,0.9985796,-0.0003677,-0.0459365,-0.0269896
2085,0,0.017608,1.171361,-0.827550,0.9866443,-0.0047816,0.1572953,0.0420527
2086,0,0.016899,1.171219,-0.827836,0.9907500,-0.0057531,0.1140153,0.0733618
2087,0,0.016188,1.170681,-0.825137,0.9911279,-0.0070702,0.0802971,0.1056781
2088,0,0.015608,1.170114,-0.822548,0.9887030,-0.0076412,0.0630281,0.1357776
2089,0,0.015264,1.167514,-0.819704,0.9967725,0.0019341,0.0448769,-0.0665348
2090,0,0.015597,1.167014,-0.821069,0.9975511,0.0019759,0.0622773,-0.0317729
2091,0,0.016209,1.166916,-0.822096,0.9975173,0.0008229,0.0701194,-0.0064673
2092,0,0.016942,1.167366,-0.821437,0.9920012,0.0031632,0.1235974,0.0254436
2093,0,0.017153,1.168097,-0.820184,0.9880652,0.0043238,0.1494244,0.0371582
2094,0,0.017383,1.168513,-0.819820,0.9858475,0.0047081,0.1606682,0.0476266
2095,0,0.017555,1.168970,-0.820102,0.9846916,0.0060953,0.1686772,0.0435121
2096,0,0.019306,1.169951,-0.822396,0.9965057,-0.0105394,-0.0114273,0.0820659
2097,0,0.019924,1.170058,-0.826486,0.9968815,-0.0078955,0.0144047,0.0771845
2098,0,0.020049,1.170296,-0.831397,0.9938032,-0.0060817,0.0662333,0.0890585
2099,0,0.018829,1.169892,-0.830215,0.9935095,0.0074051,0.1115332,-0.0210838
2100,0,0.017753,1.169840,-0.827613,0.9924664,0.0101427,0.1088057,-0.0553970
2101,0,0.016445,1.169614,-0.824036,0.9910812,0.0126856,0.1051810,-0.0808337
2102,0,0.015859,1.170671,-0.823097,0.9818024,-0.0139253,0.1100158,0.1541645
2103,0,0.015794,1.169985,-0.823425,0.9825572,-0.0143235,0.1134853,0.1466198
2104,0,0.016750,1.168973,-0.826564,0.9865900,-0.0114179,0.1115282,0.1186222
2105,0,0.018109,1.168299,-0.830552,0.9894726,-0.0087933,0.1116585,0.0916464
2106,0,0.019182,1.167554,-0.831662,0.9984390,0.0011612,0.0515070,-0.0215734
2107,0,0.019272,1.167975,-0.825942,0.9998651,-0.0004700,-0.0098147,-0.0131637
2108,0,0.019286,1.168428,-0.821478,0.9986049,-0.0020319,-0.0508089,-0.0142328
2109,0,0.019251,1.168749,-0.819279,0.9975970,-0.0024378,-0.0671504,-0.0168834
2110,0,0.017189,1.169745,-0.819160,0.9758760,-0.0049751,0.2163728,0.0287054
2111,0,0.017410,1.170816,-0.824201,0.9835318,-0.0054585,0.1758333,0.0414505
2112,0,0.017269,1.171007,-0.829552,0.9900976,-0.0048030,0.1277154,0.0580719
2113,0,0.016354,1.170689,-0.828984,0.9921704,-0.0053821,0.0845313,0.0917793
2114,0,0.015806,1.170282,-0.826963,0.9921071,-0.0058214,0.0620383,0.1088158
2115,0,0.015366,1.168120,-0.822552,0.9978649,-0.0006256,0.0326301,-0.0565736
2116,0,0.015678,1.167250,-0.822827,0.9982759,-0.0002512,0.0441369,-0.0386918
2117,0,0.016105,1.166954,-0.822975,0.9953489,0.0021235,0.0960303,0.0073652
2118,0,0.016362,1.167143,-0.821566,0.9937309,0.0029357,0.1111587,0.0115773
2119,0,0.016811,1.167755,-0.819966,0.9891183,0.0044880,0.1435125,0.0320797
2120,0,0.016784,1.168235,-0.818287,0.9875507,0.0052244,0.1533045,0.0348449
2121,0,0.017064,1.169104,-0.819408,0.9854568,0.0057033,0.1640262,0.0440201
2122,0,0.017643,1.169324,-0.822911,0.9876741,0.0040446,0.1514065,0.0394936
2123,0,0.018873,1.169933,-0.825682,0.9963246,-0.0074323,0.0195464,0.0830664
2124,0,0.019048,1.170105,-0.828911,0.9955426,-0.0066622,0.0473341,0.0813014
2125,0,0.018396,1.169736,-0.828039,0.9948782,0.0048198,0.1006653,-0.0077920
2126,0,0.017805,1.169872,-0.827255,0.9945079,0.0070248,0.0973660,-0.0377427
2127,0,0.016361,1.171373,-0.823911,0.9837484,-0.0120302,0.0981729,0.1498543
2128,0,0.015444,1.171059,-0.822127,0.9824417,-0.0127432,0.1008621,0.1564376
2129,0,0.015237,1.170614,-0.821274,0.9815380,-0.0138713,0.1018917,0.1612726
2130,0,0.015297,1.169435,-0.821521,0.9811241,-0.0151785,0.1014891,0.1639056
2131,0,0.015669,1.168782,-0.822597,0.9834141,-0.0139391,0.1025607,0.1489425
2132,0,0.017875,1.167988,-0.828291,0.9900482,-0.0098469,0.1027886,0.0956146
2133,0,0.019450,1.167672,-0.828399,0.9997059,0.0002358,0.0124306,-0.0208234
2134,0,0.019447,1.167953,-0.825281,0.9996484,0.0000295,-0.0181275,-0.0193521
2135,0,0.019733,1.168920,-0.819064,0.9973592,-0.0017556,-0.0688564,-0.0230288
2136,0,0.020156,1.169769,-0.819402,0.9958876,-0.0025563,-0.0865474,-0.0266621
2137,0,0.018011,1.170534,-0.820430,0.9793681,-0.0060226,0.1994583,0.0319095
2138,0,0.017305,1.171175,-0.823513,0.9855059,-0.0059316,0.1636133,0.0444256
2139,0,0.016769,1.171308,-0.827879,0.9912851,-0.0052800,0.1121230,0.0689513
2140,0,0.016045,1.170659,-0.827584,0.9925128,-0.0051674,0.0748240,0.0964003
2141,0,0.015493,1.169769,-0.825257,0.9920832,-0.0050974,0.0389283,0.1192877
2142,0,0.015275,1.168872,-0.822510,0.9901789,-0.0061064,0.0244329,0.1375191
2143,0,0.015530,1.166722,-0.822823,0.9987575,-0.0012916,0.0432637,-0.0246974
2144,0,0.016239,1.166777,-0.822699,0.9976423,-0.0006194,0.0680580,0.0088083
2145,0,0.016462,1.167256,-0.821091,0.9943547,0.0021448,0.1033070,0.0241227
2146,0,0.016592,1.167607,-0.820656,0.9938560,0.0012629,0.1064714,0.0302065
2147,0,0.016701,1.168411,-0.818487,0.9907426,0.0037413,0.1307026,0.0364949
2148,0,0.017030,1.168651,-0.819089,0.9899768,0.0039379,0.1364926,0.0360602
2149,0,0.019015,1.169091,-0.828372,0.9990991,0.0050141,-0.0060368,-0.0417075
2150,0,0.019358,1.169687,-0.829186,0.9988898,0.0073202,0.0036632,-0.0463914
2151,0,0.018489,1.169659,-0.827008,0.9907597,0.0025237,0.1310546,0.0348382
2152,0,0.018872,1.169735,-0.829449,0.9943835,0.0026744,0.1044947,0.0165879
2153,0,0.018440,1.169886,-0.828492,0.9954799,0.0038264,0.0945375,-0.0082348
2154,0,0.016613,1.170066,-0.824062,0.9942986,0.0082591,0.0879388,-0.0597402
2155,0,0.015614,1.170068,-0.820517,0.9928644,0.0096658,0.0838707,-0.0842180
2156,0,0.015162,1.169533,-0.820786,0.9917195,0.0105764,0.0830143,-0.0974124
2157,0,0.014947,1.170893,-0.820514,0.9804707,-0.0132924,0.0957659,0.1712588
2158,0,0.015073,1.169367,-0.821038,0.9815688,-0.0126003,0.0977334,0.1637440
2159,0,0.015590,1.168302,-0.821969,0.9839357,-0.0128578,0.0907488,0.1531986
2160,0,0.016110,1.167933,-0.823095,0.9863213,-0.0110929,0.0918958,0.1363903
2161,0,0.017215,1.168451,-0.824888,0.9882355,-0.0029248,0.1518898,0.0176486
2162,0,0.018347,1.168882,-0.822010,0.9995915,-0.0000670,-0.0215368,-0.0187860
2163,0,0.017279,1.169924,-0.819480,0.9793771,-0.0055440,0.2007998,0.0216604
2164,0,0.017465,1.169968,-0.819582,0.9787149,-0.0052908,0.2034001,0.0267876
2165,0,0.017660,1.170258,-0.820186,0.9810970,-0.0056647,0.1905479,0.0332885
2166,0,0.017392,1.170777,-0.821928,0.9854020,-0.0052303,0.1644181,0.0438434
2167,0,0.016886,1.170955,-0.822700,0.9871582,-0.0045545,0.1517356,0.0497413
2168,0,0.015971,1.170720,-0.826049,0.9932509,-0.0030304,0.0990359,0.0602934
2169,0,0.015333,1.170216,-0.826207,0.9947131,-0.0038340,0.0400522,0.0944828
2170,0,0.015272,1.169452,-0.825960,0.9928054,-0.0038416,0.0136031,0.1189020
2171,0,0.015368,1.167324,-0.824182,0.9986374,-0.0030034,0.0195707,-0.0482834
2172,0,0.015489,1.166474,-0.824605,0.9985963,-0.0017524,0.0528662,0.0027543
2173,0,0.015919,1.166986,-0.821499,0.9959512,0.0004465,0.0871194,0.0221621
2174,0,0.016417,1.167334,-0.820257,0.9943869,0.0019052,0.1031209,0.0236054
2175,0,0.016937,1.168042,-0.818791,0.9924729,0.0032454,0.1188967,0.0291666
2176,0,0.017300,1.168334,-0.819073,0.9904719,0.0046345,0.1336725,0.0327961
2177,0,0.017555,1.168877,-0.820304,0.9898853,0.0039658,0.1360264,0.0401024
2178,0,0.017591,1.169118,-0.821529,0.9902829,0.0037947,0.1348297,0.0338574
2179,0,0.017629,1.169585,-0.823658,0.9919044,0.0027321,0.1235239,0.0293257
2180,0,0.017904,1.169590,-0.826949,0.9952363,0.0019236,0.0959384,0.0172317
2181,0,0.017644,1.169756,-0.826101,0.9963299,0.0026984,0.0849234,-0.0103696
2182,0,0.017130,1.169816,-0.825285,0.9963636,0.0044249,0.0773185,-0.0355220
2183,0,0.016615,1.169762,-0.823922,0.9954279,0.0060904,0.0752647,-0.0584932
2184,0,0.015810,1.171257,-0.821768,0.9825312,-0.0113856,0.0722822,0.1711086
2185,0,0.015284,1.170723,-0.820613,0.9817496,-0.0110520,0.0748679,0.1744715
2186,0,0.014856,1.169777,-0.819691,0.9810414,-0.0122679,0.0765766,0.1776046
2187,0,0.014825,1.169087,-0.819523,0.9826979,-0.0115186,0.0783454,0.1674340
2188,0,0.014790,1.168463,-0.819432,0.9851470,-0.0107128,0.0804305,0.1513327
2189,0,0.015528,1.167953,-0.820548,0.9891390,-0.0084922,0.0884648,0.1170723
2190,0,0.016022,1.168013,-0.821882,0.9917298,-0.0062478,0.0906625,0.0906275
2191,0,0.016905,1.168230,-0.823660,0.9922851,-0.0040710,0.1151426,0.0457817
2198,0,0.016460,1.169828,-0.821150,0.9915634,-0.0034829,0.1223555,0.0426488
2199,0,0.015724,1.169564,-0.819619,0.9931677,-0.0035363,0.1122565,0.0316846
2200,0,0.015359,1.169749,-0.820984,0.9955709,-0.0024022,0.0863892,0.0370098
2201,0,0.015036,1.169655,-0.820379,0.9967737,-0.0023559,0.0703385,0.0385889
2202,0,0.014717,1.169228,-0.819435,0.9957541,-0.0021744,0.0854148,0.0342557
2203,0,0.014501,1.168967,-0.821446,0.9982831,-0.0014994,0.0551570,0.0196571
2204,0,0.014297,1.168994,-0.820219,0.9972227,-0.0012812,0.0717560,0.0199097
2205,0,0.014170,1.169101,-0.820632,0.9970391,-0.0017770,0.0750403,0.0166991
2206,0,0.014293,1.169116,-0.819799,0.9962589,0.0000160,0.0789063,0.0352445
2207,0,0.014414,1.169042,-0.819910,0.9967979,-0.0017199,0.0772770,0.0204790
2208,0,0.014507,1.169349,-0.820020,0.9967308,-0.0028030,0.0682155,0.0432035
2209,0,0.014584,1.169392,-0.820360,0.9965531,-0.0025348,0.0708114,0.0431425
2210,0,0.014662,1.169546,-0.819979,0.9974700,-0.0015459,0.0620733,0.0346119
2211,0,0.014708,1.169422,-0.821960,0.9978168,-0.0015968,0.0621232,0.0223560
2212,0,0.014692,1.169484,-0.822546,0.9985356,-0.0004419,0.0518062,0.0155783
2213,0,0.014799,1.169666,-0.823059,0.9987071,-0.0011952,0.0368243,0.0350233
2214,0,0.014744,1.169636,-0.821750,0.9974165,-0.0015647,0.0555590,0.0455093
2215,0,0.014849,1.169730,-0.822208,0.9978216,-0.0021397,0.0261133,0.0605437
2216,0,0.014713,1.168922,-0.821606,0.9990727,-0.0006628,0.0390098,-0.0182105
2217,0,0.014751,1.169493,-0.821169,0.9964910,-0.0029136,0.0534315,0.0643603
2218,0,0.014803,1.168775,-0.822259,0.9979354,-0.0006308,0.0641716,-0.0025727
2219,0,0.014658,1.169117,-0.821884,0.9974939,-0.0028048,0.0587681,0.0392996
2220,0,0.014982,1.168903,-0.823157,0.9979803,-0.0037243,0.0372065,0.0513536
2221,0,0.015080,1.168743,-0.822597,0.9993379,-0.0029999,0.0344389,0.0113474
2222,0,0.015114,1.168809,-0.822287,0.9987586,-0.0034997,0.0398771,0.0296469
2223,0,0.014762,1.169005,-0.820308,0.9966136,-0.0036579,0.0448144,0.0688461
2224,0,0.014803,1.168509,-0.821896,0.9985851,-0.0012697,0.0519827,0.0111378
2225,0,0.014279,1.168654,-0.819018,0.9971315,-0.0004914,0.0755412,0.0047073
2226,0,0.014863,1.168694,-0.821443,0.9985019,-0.0013289,0.0527869,0.0143456
2227,0,0.014552,1.168980,-0.819676,0.9955583,-0.0014987,0.0845806,0.0413236
2228,0,0.014805,1.168748,-0.821359,0.9960467,-0.0022581,0.0798465,0.0388640
2229,0,0.014856,1.168795,-0.821128,0.9967753,-0.0021931,0.0713865,0.0365807
2230,0,0.014575,1.169155,-0.819332,0.9931979,-0.0018856,0.0967019,0.0648320
2231,0,0.014771,1.168983,-0.822332,0.9943917,-0.0027682,0.0927765,0.0506949
2232,0,0.014372,1.169205,-0.819859,0.9916049,-0.0015036,0.1175346,0.0538808
2233,0,0.014506,1.169024,-0.819990,0.9915890,-0.0019732,0.1192547,0.0502576
2234,0,0.014507,1.168788,-0.820010,0.9922197,-0.0015483,0.1144564,0.0489629
2235,0,0.014453,1.168922,-0.820167,0.9916744,-0.0013707,0.1143020,0.0592875
2236,0,0.014334,1.168964,-0.820356,0.9916822,-0.0016610,0.1158513,0.0560552
2237,0,0.014573,1.168714,-0.821757,0.9932892,-0.0022980,0.1026115,0.0533128
2238,0,0.014532,1.168878,-0.820550,0.9937549,-0.0008999,0.0969958,0.0551555
2239,0,0.014610,1.168859,-0.820728,0.9950607,-0.0021058,0.0883724,0.0451672
2240,0,0.014754,1.168897,-0.820373,0.9962721,-0.0027695,0.0749502,0.0426220
2241,0,0.014813,1.168915,-0.819718,0.9962621,-0.0013286,0.0801838,0.0321049
2242,0,0.014993,1.168878,-0.820026,0.9977770,-0.0016368,0.0597604,0.0294467
2243,0,0.014913,1.168834,-0.821395,0.9972500,-0.0016262,0.0669780,0.0316823
2244,0,0.015100,1.168856,-0.821779,0.9979265,-0.0021404,0.0587650,0.0261690
2245,0,0.015181,1.168874,-0.822024,0.9971546,-0.0010803,0.0639474,0.0399039
2246,0,0.015031,1.168940,-0.820794,0.9967255,-0.0013678,0.0747776,0.0307375
2247,0,0.014816,1.169098,-0.819950,0.9951504,0.0005011,0.0940153,0.0289239
2248,0,0.014662,1.168705,-0.821064,0.9948343,0.0006759,0.0993805,0.0206821
2249,0,0.014442,1.168979,-0.819914,0.9924806,0.0016140,0.1183110,0.0313417
2250,0,0.014345,1.168810,-0.821041,0.9910212,0.0024323,0.1311661,0.0258159
2251,0,0.014327,1.168641,-0.821217,0.9922289,0.0021679,0.1233826,0.0159331
2252,0,0.014364,1.168636,-0.820827,0.9917358,0.0027193,0.1267361,0.0197673
2253,0,0.014259,1.168684,-0.819215,0.9919518,0.0028026,0.1260029,0.0121313
2254,0,0.014729,1.168536,-0.821418,0.9938466,0.0018382,0.1103805,0.0090426
2255,0,0.015460,1.169006,-0.819929,0.9989616,-0.0039988,0.0008898,0.0453751
2256,0,0.014821,1.168601,-0.819737,0.9958938,0.0015462,0.0904653,-0.0030393
2257,0,0.015123,1.168862,-0.819770,0.9967560,-0.0002318,0.0774553,0.0218649
2258,0,0.015144,1.168706,-0.820485,0.9967629,-0.0010276,0.0776985,0.0206304
2259,0,0.014688,1.169040,-0.818857,0.9947203,-0.0003439,0.1008782,0.0188408
2260,0,0.014797,1.168857,-0.819371,0.9963891,-0.0016731,0.0828182,0.0186319
2261,0,0.014613,1.169456,-0.817794,0.9932684,-0.0028027,0.0974192,0.0626067
2262,0,0.015186,1.169327,-0.821093,0.9970133,-0.0051583,0.0516199,0.0572117
2263,0,0.014774,1.169194,-0.818782,0.9949521,-0.0027073,0.0878620,0.0484078
2264,0,0.014850,1.169315,-0.818987,0.9949921,-0.0044447,0.0753490,0.0655242
2265,0,0.014708,1.169027,-0.819186,0.9952372,-0.0011075,0.0926788,0.0302034
2266,0,0.014439,1.169111,-0.818624,0.9943243,-0.0002430,0.1026744,0.0278768
2267,0,0.014688,1.168682,-0.820138,0.9980111,-0.0000609,0.0630348,-0.0007688
